block_lot,sale_day,declared_profit,sale_profit,property_type,sold_part,city,build_year,building_mr,rooms_number,rami_source
006933-0136-110-00,2025-05-20,17950000,17950000,דירה בבית קומות,1.0,תל אביב -יפו,2006,231,4.0,תל אביב - 15.05.25-24.05.25.xls
007321-0161-277-00,2025-05-20,3450000,3450000,דירה בבית קומות,1.0,תל אביב -יפו,2019,91,3.0,תל אביב - 15.05.25-24.05.25.xls
007084-0159-067-00,2025-05-20,1380000,1380000,דירה בבית קומות,0.354,תל אביב -יפו,2026,51,2.0,תל אביב - 15.05.25-24.05.25.xls
006634-0015-482-00,2025-05-20,15000000,15000000,דירה בבית קומות,1.0,תל אביב -יפו,2030,125,4.0,תל אביב - 15.05.25-24.05.25.xls
006636-0854-002-00,2025-05-18,2570000,2570000,דירה בבית קומות,1.0,תל אביב -יפו,1997,53,2.0,תל אביב - 15.05.25-24.05.25.xls
007050-0219-021-00,2025-05-18,2240000,2240000,דירה בבית קומות,1.0,תל אביב -יפו,1970,74,3.5,תל אביב - 15.05.25-24.05.25.xls
006627-0351-128-00,2025-05-18,4650000,4650000,דירה בבית קומות,1.0,תל אביב -יפו,1960,99,4.0,תל אביב - 15.05.25-24.05.25.xls
006910-0095-001-00,2025-05-18,3150000,3150000,דירה בבית קומות,1.0,תל אביב -יפו,2019,43,2.0,תל אביב - 15.05.25-24.05.25.xls
006212-0518-004-00,2025-05-20,4750000,4750000,דירה בבית קומות,1.0,תל אביב -יפו,2028,74,3.0,תל אביב - 15.05.25-24.05.25.xls
006900-0023-037-00,2025-05-26,520377,520377,דירה בבית קומות,1.0,תל אביב -יפו,2028,1,1.0,תל אביב - 25.05.25-31.05.25.xls
030289-0010-005-00,2025-03-03,1519905,1519905,דירה בבית קומות,0.5,ירושלים,2029,76,3.0,ירושלים - 01.03.25-05.03.25.xls
030044-0285-006-00,2025-03-04,2600000,2600000,דירה בבית קומות,1.0,ירושלים,1970,75,3.0,ירושלים - 01.03.25-05.03.25.xls
030413-0096-038-00,2025-03-04,3035000,3035000,דירה בבית קומות,1.0,ירושלים,2025,98,4.0,ירושלים - 01.03.25-05.03.25.xls
030333-0029-010-00,2025-03-03,4402756,4402756,דירה בבית קומות,0.907,ירושלים,0,120,0.0,ירושלים - 01.03.25-05.03.25.xls
030187-0035-006-00,2025-03-04,3675028,3675028,דירה בבית קומות,1.0,ירושלים,2030,100,4.0,ירושלים - 01.03.25-05.03.25.xls
030004-0101-104-00,2025-03-04,906666,906666,דירה בבית קומות,0.333,ירושלים,1950,57,3.0,ירושלים - 01.03.25-05.03.25.xls
030004-0101-104-00,2025-03-04,906666,906666,דירה בבית קומות,0.333,ירושלים,1950,57,3.0,ירושלים - 01.03.25-05.03.25.xls
030004-0101-104-00,2025-03-04,226666,226666,דירה בבית קומות,0.083,ירושלים,1950,57,3.0,ירושלים - 01.03.25-05.03.25.xls
030004-0101-104-00,2025-03-04,340000,340000,דירה בבית קומות,0.125,ירושלים,1950,57,3.0,ירושלים - 01.03.25-05.03.25.xls
030004-0101-104-00,2025-03-04,340000,340000,דירה בבית קומות,0.125,ירושלים,1950,57,3.0,ירושלים - 01.03.25-05.03.25.xls
030645-0011-013-00,2025-03-03,2050000,2050000,דירה בבית קומות,1.0,ירושלים,1970,56,3.0,ירושלים - 01.03.25-05.03.25.xls
030139-0376-034-00,2025-03-03,4000000,4000000,דירה בבית קומות,1.0,ירושלים,2014,114,4.0,ירושלים - 01.03.25-05.03.25.xls
030864-0005-000-00,2025-03-04,3900000,3900000,דירה בבית קומות,1.0,ירושלים,2022,80,3.0,ירושלים - 01.03.25-05.03.25.xls
030246-0018-022-00,2025-03-04,310000,310000,דירה בבית קומות,0.083,ירושלים,1970,80,3.0,ירושלים - 01.03.25-05.03.25.xls
030074-0441-068-00,2025-03-04,8717880,8717880,דירה בבית קומות,1.0,ירושלים,2031,124,4.0,ירושלים - 01.03.25-05.03.25.xls
030428-0030-078-00,2025-03-04,5164000,5164000,דירה בבית קומות,1.0,ירושלים,2012,152,5.0,ירושלים - 01.03.25-05.03.25.xls
030628-0018-020-00,2025-03-04,582500,582500,דירה בבית קומות,0.25,ירושלים,1995,60,3.0,ירושלים - 01.03.25-05.03.25.xls
030628-0018-020-00,2025-03-04,582500,582500,דירה בבית קומות,0.25,ירושלים,1995,60,3.0,ירושלים - 01.03.25-05.03.25.xls
030628-0018-020-00,2025-03-04,582500,582500,דירה בבית קומות,0.25,ירושלים,1995,60,3.0,ירושלים - 01.03.25-05.03.25.xls
030628-0018-020-00,2025-03-04,582500,582500,דירה בבית קומות,0.25,ירושלים,1995,60,3.0,ירושלים - 01.03.25-05.03.25.xls
030644-0017-011-00,2025-03-03,1220000,1220000,דירה בבית קומות,1.0,ירושלים,1960,26,2.0,ירושלים - 01.03.25-05.03.25.xls
030007-0085-003-00,2025-03-03,4850000,4850000,דירה בבית קומות,1.0,ירושלים,1960,102,5.0,ירושלים - 01.03.25-05.03.25.xls
030655-0063-003-00,2025-03-03,3600000,3600000,דירה בבית קומות,1.0,ירושלים,1992,120,5.0,ירושלים - 01.03.25-05.03.25.xls
030007-0100-003-00,2025-03-03,4069000,4069000,דירה בבית קומות,0.541,ירושלים,1940,102,4.0,ירושלים - 01.03.25-05.03.25.xls
030007-0100-003-00,2025-03-03,313000,313000,דירה בבית קומות,0.041,ירושלים,1940,102,4.0,ירושלים - 01.03.25-05.03.25.xls
030007-0100-003-00,2025-03-03,313000,313000,דירה בבית קומות,0.041,ירושלים,1940,102,4.0,ירושלים - 01.03.25-05.03.25.xls
030007-0100-003-00,2025-03-03,313000,313000,דירה בבית קומות,0.041,ירושלים,1940,102,4.0,ירושלים - 01.03.25-05.03.25.xls
030007-0100-003-00,2025-03-03,294125,294125,דירה בבית קומות,0.812,ירושלים,1950,102,4.0,ירושלים - 01.03.25-05.03.25.xls
030007-0100-003-00,2025-03-03,22625,22625,דירה בבית קומות,0.02,ירושלים,1950,102,4.0,ירושלים - 01.03.25-05.03.25.xls
030007-0100-003-00,2025-03-03,22625,22625,דירה בבית קומות,0.02,ירושלים,1950,102,4.0,ירושלים - 01.03.25-05.03.25.xls
030007-0100-003-00,2025-03-03,22625,22625,דירה בבית קומות,0.02,ירושלים,1950,102,4.0,ירושלים - 01.03.25-05.03.25.xls
030415-0177-117-00,2025-03-03,40000,40000,דירה בבית קומות,0.01,ירושלים,2028,103,4.0,ירושלים - 01.03.25-05.03.25.xls
030103-0118-013-00,2025-03-04,900000,900000,דירה בבית קומות,0.116,ירושלים,1960,7,2.0,ירושלים - 01.03.25-05.03.25.xls
030185-0141-000-00,2025-03-03,3520000,3520000,דירה בבית קומות,1.0,ירושלים,2024,1,4.0,ירושלים - 01.03.25-05.03.25.xls
030235-0129-018-00,2025-03-03,1533334,1533334,דירה בבית קומות,0.666,ירושלים,1970,30,4.0,ירושלים - 01.03.25-05.03.25.xls
030235-0129-018-00,2025-03-03,95833,95833,דירה בבית קומות,0.041,ירושלים,1970,30,4.0,ירושלים - 01.03.25-05.03.25.xls
030235-0129-018-00,2025-03-03,95833,95833,דירה בבית קומות,0.041,ירושלים,1970,30,4.0,ירושלים - 01.03.25-05.03.25.xls
030235-0129-018-00,2025-03-03,95833,95833,דירה בבית קומות,0.041,ירושלים,1970,30,4.0,ירושלים - 01.03.25-05.03.25.xls
030235-0129-018-00,2025-03-03,95833,95833,דירה בבית קומות,0.041,ירושלים,1970,30,4.0,ירושלים - 01.03.25-05.03.25.xls
030235-0129-018-00,2025-03-03,95833,95833,דירה בבית קומות,0.041,ירושלים,1970,30,4.0,ירושלים - 01.03.25-05.03.25.xls
030235-0129-018-00,2025-03-03,95833,95833,דירה בבית קומות,0.041,ירושלים,1970,30,4.0,ירושלים - 01.03.25-05.03.25.xls
030235-0129-018-00,2025-03-03,95833,95833,דירה בבית קומות,0.041,ירושלים,1970,30,4.0,ירושלים - 01.03.25-05.03.25.xls
030235-0129-018-00,2025-03-03,95833,95833,דירה בבית קומות,0.041,ירושלים,1970,30,4.0,ירושלים - 01.03.25-05.03.25.xls
030064-0113-000-00,2025-03-02,1100000,1100000,דירה בבית קומות,0.166,ירושלים,1940,47,4.0,ירושלים - 01.03.25-05.03.25.xls
030125-0008-022-00,2025-03-06,2900000,2900000,דירה בבית קומות,1.0,ירושלים,1970,61,3.0,ירושלים - 06.03.25-10.03.25.xls
030287-0071-010-00,2025-03-06,1517992,1517992,דירה בבית קומות,1.0,ירושלים,2028,83,3.0,ירושלים - 06.03.25-10.03.25.xls
030342-0062-002-00,2025-03-06,2400000,2400000,דירה בבית קומות,0.5,ירושלים,1981,91,5.0,ירושלים - 06.03.25-10.03.25.xls
030647-0052-018-00,2025-03-06,2340000,2340000,דירה בבית קומות,1.0,ירושלים,1995,85,3.0,ירושלים - 06.03.25-10.03.25.xls
030008-0100-002-00,2025-03-06,2200000,2200000,דירה בבית קומות,0.666,ירושלים,1960,60,3.0,ירושלים - 06.03.25-10.03.25.xls
030008-0100-002-00,2025-03-06,1100000,1100000,דירה בבית קומות,0.333,ירושלים,1960,60,3.0,ירושלים - 06.03.25-10.03.25.xls
030561-0026-011-00,2025-03-06,3200000,3200000,דירה בבית קומות,1.0,ירושלים,1995,98,5.0,ירושלים - 06.03.25-10.03.25.xls
030014-0073-007-00,2025-03-06,5250000,5250000,דירה בבית קומות,1.0,ירושלים,1991,104,4.0,ירושלים - 06.03.25-10.03.25.xls
030666-0025-008-00,2025-03-06,475000,475000,דירה בבית קומות,0.25,ירושלים,1994,46,2.0,ירושלים - 06.03.25-10.03.25.xls
030666-0025-008-00,2025-03-06,475000,475000,דירה בבית קומות,0.25,ירושלים,1994,46,2.0,ירושלים - 06.03.25-10.03.25.xls
030666-0025-008-00,2025-03-06,950000,950000,דירה בבית קומות,0.5,ירושלים,1994,46,2.0,ירושלים - 06.03.25-10.03.25.xls
030501-0002-004-00,2025-03-06,2850000,2850000,דירה בבית קומות,1.0,ירושלים,1970,94,4.0,ירושלים - 06.03.25-10.03.25.xls
030049-0305-041-00,2025-03-06,5555000,2777500,דירה בבית קומות,0.5,ירושלים,2030,88,4.0,ירושלים - 06.03.25-10.03.25.xls
030049-0305-041-00,2025-03-06,5555000,2777500,דירה בבית קומות,0.5,ירושלים,2030,88,4.0,ירושלים - 06.03.25-10.03.25.xls
030026-0085-017-00,2025-03-06,2810000,2810000,דירה בבית קומות,1.0,ירושלים,1950,61,3.0,ירושלים - 06.03.25-10.03.25.xls
030166-0493-003-00,2025-03-06,64500,64500,דירה בבית קומות,0.03,ירושלים,1960,44,2.0,ירושלים - 06.03.25-10.03.25.xls
030166-0493-003-00,2025-03-06,94600,94600,דירה בבית קומות,0.044,ירושלים,1960,44,2.0,ירושלים - 06.03.25-10.03.25.xls
030166-0493-003-00,2025-03-06,78690,78690,דירה בבית קומות,0.036,ירושלים,1960,44,2.0,ירושלים - 06.03.25-10.03.25.xls
030166-0493-003-00,2025-03-06,78690,78690,דירה בבית קומות,0.036,ירושלים,1960,44,2.0,ירושלים - 06.03.25-10.03.25.xls
030166-0493-003-00,2025-03-06,78690,78690,דירה בבית קומות,0.036,ירושלים,1960,44,2.0,ירושלים - 06.03.25-10.03.25.xls
030166-0493-003-00,2025-03-06,78690,78690,דירה בבית קומות,0.036,ירושלים,1960,44,2.0,ירושלים - 06.03.25-10.03.25.xls
030166-0493-003-00,2025-03-06,67510,67510,דירה בבית קומות,0.031,ירושלים,1960,44,2.0,ירושלים - 06.03.25-10.03.25.xls
030166-0493-003-00,2025-03-06,67510,67510,דירה בבית קומות,0.031,ירושלים,1960,44,2.0,ירושלים - 06.03.25-10.03.25.xls
030166-0493-003-00,2025-03-06,67510,67510,דירה בבית קומות,0.031,ירושלים,1960,44,2.0,ירושלים - 06.03.25-10.03.25.xls
030166-0493-003-00,2025-03-06,67510,67510,דירה בבית קומות,0.031,ירושלים,1960,44,2.0,ירושלים - 06.03.25-10.03.25.xls
030166-0493-003-00,2025-03-06,64500,78819,דירה בבית קומות,0.036,ירושלים,1960,44,2.0,ירושלים - 06.03.25-10.03.25.xls
030166-0493-003-00,2025-03-06,64500,64500,דירה בבית קומות,0.03,ירושלים,1960,44,2.0,ירושלים - 06.03.25-10.03.25.xls
030166-0493-003-00,2025-03-06,64500,64500,דירה בבית קומות,0.03,ירושלים,1960,44,2.0,ירושלים - 06.03.25-10.03.25.xls
030166-0493-003-00,2025-03-06,94600,94600,דירה בבית קומות,0.044,ירושלים,1960,44,2.0,ירושלים - 06.03.25-10.03.25.xls
030166-0493-003-00,2025-03-06,94600,94600,דירה בבית קומות,0.044,ירושלים,1960,44,2.0,ירושלים - 06.03.25-10.03.25.xls
030166-0493-003-00,2025-03-06,94600,94600,דירה בבית קומות,0.044,ירושלים,1960,44,2.0,ירושלים - 06.03.25-10.03.25.xls
030166-0493-003-00,2025-03-06,94600,94600,דירה בבית קומות,0.044,ירושלים,1960,44,2.0,ירושלים - 06.03.25-10.03.25.xls
030166-0493-003-00,2025-03-06,78819,78819,דירה בבית קומות,0.036,ירושלים,1960,44,2.0,ירושלים - 06.03.25-10.03.25.xls
030166-0493-003-00,2025-03-06,78819,78819,דירה בבית קומות,0.036,ירושלים,1960,44,2.0,ירושלים - 06.03.25-10.03.25.xls
030166-0493-003-00,2025-03-06,78819,78819,דירה בבית קומות,0.036,ירושלים,1960,44,2.0,ירושלים - 06.03.25-10.03.25.xls
030166-0493-003-00,2025-03-06,78819,78819,דירה בבית קומות,0.036,ירושלים,1960,44,2.0,ירושלים - 06.03.25-10.03.25.xls
030166-0493-003-00,2025-03-06,78819,78819,דירה בבית קומות,0.036,ירושלים,1960,44,2.0,ירושלים - 06.03.25-10.03.25.xls
030166-0493-003-00,2025-03-06,78819,78819,דירה בבית קומות,0.036,ירושלים,1960,44,2.0,ירושלים - 06.03.25-10.03.25.xls
030166-0493-003-00,2025-03-06,78819,78819,דירה בבית קומות,0.036,ירושלים,1960,44,2.0,ירושלים - 06.03.25-10.03.25.xls
030166-0493-003-00,2025-03-06,101265,101265,דירה בבית קומות,0.047,ירושלים,1960,44,2.0,ירושלים - 06.03.25-10.03.25.xls
030166-0493-003-00,2025-03-06,101265,101265,דירה בבית קומות,0.047,ירושלים,1960,44,2.0,ירושלים - 06.03.25-10.03.25.xls
030399-0050-000-00,2025-03-06,1190000,1190000,דירה בבית קומות,0.5,ירושלים,1960,37,2.0,ירושלים - 06.03.25-10.03.25.xls
030399-0050-000-00,2025-03-06,1190000,1190000,דירה בבית קומות,0.5,ירושלים,1960,37,2.0,ירושלים - 06.03.25-10.03.25.xls
030025-0106-005-00,2025-03-06,7500000,7500000,דירה בבית קומות,1.0,ירושלים,2014,91,4.0,ירושלים - 06.03.25-10.03.25.xls
030435-0152-009-00,2025-03-12,2534000,2534000,דירה בבית קומות,1.0,ירושלים,2030,75,3.0,ירושלים - 11.03.25-17.03.25.xls
028052-0066-015-00,2025-03-12,1850000,1850000,דירה בבית קומות,1.0,ירושלים,1970,64,3.0,ירושלים - 11.03.25-17.03.25.xls
030435-0116-024-00,2025-03-12,2200000,2200000,דירה בבית קומות,1.0,ירושלים,1960,45,3.0,ירושלים - 11.03.25-17.03.25.xls
030628-0016-044-00,2025-03-12,1100000,1100000,דירה בבית קומות,0.5,ירושלים,1993,78,4.0,ירושלים - 11.03.25-17.03.25.xls
030628-0016-044-00,2025-03-12,550000,550000,דירה בבית קומות,0.25,ירושלים,1993,78,4.0,ירושלים - 11.03.25-17.03.25.xls
030628-0016-044-00,2025-03-12,550000,550000,דירה בבית קומות,0.25,ירושלים,1993,78,4.0,ירושלים - 11.03.25-17.03.25.xls
030729-0003-055-00,2025-03-12,2400000,2400000,דירה בבית קומות,1.0,ירושלים,1985,66,3.0,ירושלים - 11.03.25-17.03.25.xls
028046-0030-010-00,2025-03-12,1710000,1710000,דירה בבית קומות,1.0,ירושלים,1970,46,3.0,ירושלים - 11.03.25-17.03.25.xls
030964-0057-062-00,2025-03-12,2405000,2405000,דירה בבית קומות,1.0,ירושלים,2020,79,3.0,ירושלים - 11.03.25-17.03.25.xls
030289-0010-017-00,2025-03-12,1553905,1553095,דירה בבית קומות,0.5,ירושלים,2029,77,3.0,ירושלים - 11.03.25-17.03.25.xls
030289-0010-017-00,2025-03-12,1553905,1553905,דירה בבית קומות,0.5,ירושלים,2029,77,3.0,ירושלים - 11.03.25-17.03.25.xls
030054-0056-000-00,2025-03-12,787500,787500,דירה בבית קומות,0.25,ירושלים,1940,77,2.0,ירושלים - 11.03.25-17.03.25.xls
030054-0056-000-00,2025-03-12,787500,787500,דירה בבית קומות,0.25,ירושלים,1940,77,2.0,ירושלים - 11.03.25-17.03.25.xls
030054-0056-000-00,2025-03-12,262500,262500,דירה בבית קומות,0.083,ירושלים,1940,77,2.0,ירושלים - 11.03.25-17.03.25.xls
030054-0056-000-00,2025-03-12,262500,262500,דירה בבית קומות,0.083,ירושלים,1940,77,2.0,ירושלים - 11.03.25-17.03.25.xls
030054-0056-000-00,2025-03-12,262500,262500,דירה בבית קומות,0.083,ירושלים,1940,77,2.0,ירושלים - 11.03.25-17.03.25.xls
030054-0056-000-00,2025-03-12,787500,787500,דירה בבית קומות,0.25,ירושלים,1940,77,2.0,ירושלים - 11.03.25-17.03.25.xls
030187-0036-116-00,2025-03-12,4380000,4380000,דירה בבית קומות,1.0,ירושלים,2030,111,4.0,ירושלים - 11.03.25-17.03.25.xls
030647-0010-012-00,2025-03-12,1845000,1845000,דירה בבית קומות,1.0,ירושלים,1970,54,3.0,ירושלים - 11.03.25-17.03.25.xls
030083-0023-006-00,2025-03-12,5000000,5000000,דירה בבית קומות,1.0,ירושלים,1960,62,3.0,ירושלים - 11.03.25-17.03.25.xls
030299-0011-010-00,2025-03-12,9000000,9000000,דירה בבית קומות,1.0,ירושלים,1984,84,6.0,ירושלים - 11.03.25-17.03.25.xls
030062-0084-000-00,2025-03-12,3100000,3100000,דירה בבית קומות,0.04,ירושלים,2001,69,3.0,ירושלים - 11.03.25-17.03.25.xls
030272-0076-012-00,2025-03-11,213000,213000,דירה בבית קומות,1.0,ירושלים,1985,106,4.0,ירושלים - 11.03.25-17.03.25.xls
030011-0048-006-00,2025-03-12,5850000,5850000,דירה בבית קומות,1.0,ירושלים,1970,90,4.0,ירושלים - 11.03.25-17.03.25.xls
030718-0016-031-00,2025-03-18,3600000,3600000,דירה בבית קומות,1.0,ירושלים,2003,112,4.0,ירושלים - 18.03.25-22.03.25.xls
030717-0014-033-00,2025-03-18,2150000,2150000,דירה בבית קומות,1.0,ירושלים,1970,59,3.0,ירושלים - 18.03.25-22.03.25.xls
030598-0005-047-00,2025-03-18,2140000,2140000,דירה בבית קומות,1.0,ירושלים,1998,89,4.0,ירושלים - 18.03.25-22.03.25.xls
030289-0010-029-00,2025-03-18,1560405,1560405,דירה בבית קומות,0.5,ירושלים,2029,77,3.0,ירושלים - 18.03.25-22.03.25.xls
030289-0010-029-00,2025-03-18,1560405,1560405,דירה בבית קומות,0.5,ירושלים,2029,77,3.0,ירושלים - 18.03.25-22.03.25.xls
030717-0059-073-00,2025-03-20,3225000,3225000,דירה בבית קומות,1.0,ירושלים,1990,90,4.0,ירושלים - 18.03.25-22.03.25.xls
030041-0006-004-00,2025-03-20,117400,117400,דירה בבית קומות,0.036,ירושלים,0,41,0.0,ירושלים - 18.03.25-22.03.25.xls
030073-0012-013-00,2025-03-18,1750000,1750000,דירה בבית קומות,1.0,ירושלים,2018,37,2.0,ירושלים - 18.03.25-22.03.25.xls
030415-0177-104-00,2025-03-18,2234998,2234998,דירה בבית קומות,1.0,ירושלים,2028,56,2.0,ירושלים - 18.03.25-22.03.25.xls
030613-0109-000-00,2025-03-20,2075000,2075000,דירה בבית קומות,1.0,ירושלים,1998,61,3.0,ירושלים - 18.03.25-22.03.25.xls
030010-0029-006-00,2025-03-20,2660000,2660000,דירה בבית קומות,1.0,ירושלים,1910,70,2.5,ירושלים - 18.03.25-22.03.25.xls
030010-0029-001-00,2025-03-20,2495333,2495333,דירה בבית קומות,0.333,ירושלים,1910,199,8.0,ירושלים - 18.03.25-22.03.25.xls
030010-0029-001-00,2025-03-20,2495333,2495333,דירה בבית קומות,0.333,ירושלים,1910,199,8.0,ירושלים - 18.03.25-22.03.25.xls
030010-0029-001-00,2025-03-20,2495333,2495333,דירה בבית קומות,0.333,ירושלים,1910,199,8.0,ירושלים - 18.03.25-22.03.25.xls
030010-0029-004-00,2025-03-20,2500400,2500400,דירה בבית קומות,0.2,ירושלים,1910,321,10.0,ירושלים - 18.03.25-22.03.25.xls
030010-0029-004-00,2025-03-20,2500400,2500400,דירה בבית קומות,0.2,ירושלים,1910,321,10.0,ירושלים - 18.03.25-22.03.25.xls
030010-0029-004-00,2025-03-20,2500400,2500400,דירה בבית קומות,0.2,ירושלים,1910,321,10.0,ירושלים - 18.03.25-22.03.25.xls
030010-0029-004-00,2025-03-20,2500400,2500400,דירה בבית קומות,0.2,ירושלים,1910,321,10.0,ירושלים - 18.03.25-22.03.25.xls
030010-0029-004-00,2025-03-20,2500400,2500400,דירה בבית קומות,0.2,ירושלים,1910,321,10.0,ירושלים - 18.03.25-22.03.25.xls
030010-0029-007-00,2025-03-20,3070400,3070400,דירה בבית קומות,0.2,ירושלים,1910,343,10.5,ירושלים - 18.03.25-22.03.25.xls
030010-0029-007-00,2025-03-20,1854400,1854400,דירה בבית קומות,0.2,ירושלים,1910,343,10.5,ירושלים - 18.03.25-22.03.25.xls
030010-0029-007-00,2025-03-20,3070400,3070400,דירה בבית קומות,0.2,ירושלים,1910,343,10.5,ירושלים - 18.03.25-22.03.25.xls
030010-0029-007-00,2025-03-20,3070400,3070400,דירה בבית קומות,0.2,ירושלים,1910,343,10.5,ירושלים - 18.03.25-22.03.25.xls
030010-0029-007-00,2025-03-20,3070400,3070400,דירה בבית קומות,0.2,ירושלים,1910,343,10.5,ירושלים - 18.03.25-22.03.25.xls
030162-0010-005-00,2025-03-18,718000,718000,דירה בבית קומות,0.2,ירושלים,1970,60,3.0,ירושלים - 18.03.25-22.03.25.xls
030162-0010-005-00,2025-03-18,718000,718000,דירה בבית קומות,0.2,ירושלים,1970,60,3.0,ירושלים - 18.03.25-22.03.25.xls
030162-0010-005-00,2025-03-18,718000,718000,דירה בבית קומות,0.2,ירושלים,1970,60,3.0,ירושלים - 18.03.25-22.03.25.xls
030162-0010-005-00,2025-03-18,718000,718000,דירה בבית קומות,0.2,ירושלים,1970,60,3.0,ירושלים - 18.03.25-22.03.25.xls
030162-0010-005-00,2025-03-18,718000,718000,דירה בבית קומות,0.2,ירושלים,1970,60,3.0,ירושלים - 18.03.25-22.03.25.xls
030230-0099-042-00,2025-03-18,424286,424286,דירה בבית קומות,0.142,ירושלים,2000,78,3.0,ירושלים - 18.03.25-22.03.25.xls
030230-0099-042-00,2025-03-18,424286,424286,דירה בבית קומות,0.142,ירושלים,2000,78,3.0,ירושלים - 18.03.25-22.03.25.xls
030230-0099-042-00,2025-03-18,424286,424286,דירה בבית קומות,0.142,ירושלים,2000,78,3.0,ירושלים - 18.03.25-22.03.25.xls
030230-0099-042-00,2025-03-18,424286,424286,דירה בבית קומות,0.142,ירושלים,2000,78,3.0,ירושלים - 18.03.25-22.03.25.xls
030230-0099-042-00,2025-03-18,424286,424286,דירה בבית קומות,0.142,ירושלים,2000,78,3.0,ירושלים - 18.03.25-22.03.25.xls
030230-0099-042-00,2025-03-18,424286,424286,דירה בבית קומות,0.142,ירושלים,2000,78,3.0,ירושלים - 18.03.25-22.03.25.xls
030230-0099-042-00,2025-03-18,424286,424286,דירה בבית קומות,0.142,ירושלים,2000,78,3.0,ירושלים - 18.03.25-22.03.25.xls
030187-0035-091-00,2025-03-20,4036000,4036000,דירה בבית קומות,1.0,ירושלים,0,0,0.0,ירושלים - 18.03.25-22.03.25.xls
030435-0152-051-00,2025-03-20,2570000,2570000,דירה בבית קומות,1.0,ירושלים,2030,75,3.0,ירושלים - 18.03.25-22.03.25.xls
030438-0035-008-00,2025-03-18,186363,186363,דירה בבית קומות,0.09,ירושלים,1970,66,3.0,ירושלים - 18.03.25-22.03.25.xls
030438-0035-008-00,2025-03-18,186363,186363,דירה בבית קומות,0.09,ירושלים,1970,66,3.0,ירושלים - 18.03.25-22.03.25.xls
030438-0035-008-00,2025-03-18,186363,186363,דירה בבית קומות,0.09,ירושלים,1970,66,3.0,ירושלים - 18.03.25-22.03.25.xls
030438-0035-008-00,2025-03-18,186363,186363,דירה בבית קומות,0.09,ירושלים,1970,66,3.0,ירושלים - 18.03.25-22.03.25.xls
030438-0035-008-00,2025-03-18,186363,186363,דירה בבית קומות,0.09,ירושלים,1970,66,3.0,ירושלים - 18.03.25-22.03.25.xls
030438-0035-008-00,2025-03-18,186363,186363,דירה בבית קומות,0.09,ירושלים,1970,66,3.0,ירושלים - 18.03.25-22.03.25.xls
030438-0035-008-00,2025-03-18,186363,186363,דירה בבית קומות,0.09,ירושלים,1970,66,3.0,ירושלים - 18.03.25-22.03.25.xls
030438-0035-008-00,2025-03-18,186363,186363,דירה בבית קומות,0.09,ירושלים,1970,66,3.0,ירושלים - 18.03.25-22.03.25.xls
030438-0035-008-00,2025-03-18,186363,186363,דירה בבית קומות,0.09,ירושלים,1970,66,3.0,ירושלים - 18.03.25-22.03.25.xls
030438-0035-008-00,2025-03-18,186363,186363,דירה בבית קומות,0.09,ירושלים,1970,66,3.0,ירושלים - 18.03.25-22.03.25.xls
030438-0035-008-00,2025-03-18,186363,186363,דירה בבית קומות,0.09,ירושלים,1970,66,3.0,ירושלים - 18.03.25-22.03.25.xls
030010-0029-010-00,2025-03-20,1216000,1216000,דירה בבית קומות,0.396,ירושלים,1910,343,10.5,ירושלים - 18.03.25-22.03.25.xls
030049-0155-002-00,2025-03-18,1038333,1038333,דירה בבית קומות,0.333,ירושלים,1930,75,3.5,ירושלים - 18.03.25-22.03.25.xls
030049-0155-002-00,2025-03-18,1038333,1038333,דירה בבית קומות,0.333,ירושלים,1930,75,3.5,ירושלים - 18.03.25-22.03.25.xls
030049-0155-002-00,2025-03-18,1038333,1038333,דירה בבית קומות,0.333,ירושלים,1930,75,3.5,ירושלים - 18.03.25-22.03.25.xls
029937-0022-022-00,2025-03-20,3870000,3870000,דירה בבית קומות,1.0,ירושלים,2010,106,5.0,ירושלים - 18.03.25-22.03.25.xls
030525-0015-002-00,2025-03-20,1400000,1400000,דירה בבית קומות,0.01,ירושלים,2028,95,3.0,ירושלים - 18.03.25-22.03.25.xls
030298-0012-009-00,2025-03-25,900000,900000,דירה בבית קומות,0.2,ירושלים,1970,110,4.0,ירושלים - 23.03.25-25.03.25.xls
030298-0012-009-00,2025-03-25,900000,900000,דירה בבית קומות,0.2,ירושלים,1970,110,4.0,ירושלים - 23.03.25-25.03.25.xls
030298-0012-009-00,2025-03-25,900000,900000,דירה בבית קומות,0.2,ירושלים,1970,110,4.0,ירושלים - 23.03.25-25.03.25.xls
030298-0012-009-00,2025-03-25,150000,150000,דירה בבית קומות,0.033,ירושלים,1970,110,4.0,ירושלים - 23.03.25-25.03.25.xls
030298-0012-009-00,2025-03-25,150000,150000,דירה בבית קומות,0.033,ירושלים,1970,110,4.0,ירושלים - 23.03.25-25.03.25.xls
030298-0012-009-00,2025-03-25,900000,900000,דירה בבית קומות,0.2,ירושלים,1970,110,4.0,ירושלים - 23.03.25-25.03.25.xls
030298-0012-009-00,2025-03-25,150000,150000,דירה בבית קומות,0.033,ירושלים,1970,110,4.0,ירושלים - 23.03.25-25.03.25.xls
030298-0012-009-00,2025-03-25,150000,150000,דירה בבית קומות,0.033,ירושלים,1970,110,4.0,ירושלים - 23.03.25-25.03.25.xls
030298-0012-009-00,2025-03-25,150000,150000,דירה בבית קומות,0.033,ירושלים,1970,110,4.0,ירושלים - 23.03.25-25.03.25.xls
030298-0012-009-00,2025-03-25,150000,150000,דירה בבית קומות,0.033,ירושלים,1970,110,4.0,ירושלים - 23.03.25-25.03.25.xls
028046-0017-003-00,2025-03-25,1150000,1150000,דירה בבית קומות,1.0,ירושלים,1970,23,2.0,ירושלים - 23.03.25-25.03.25.xls
030109-0159-000-00,2025-03-25,540000,540000,דירה בבית קומות,0.02,ירושלים,1950,120,5.0,ירושלים - 23.03.25-25.03.25.xls
030187-0036-069-00,2025-03-25,3030000,3030000,דירה בבית קומות,1.0,ירושלים,2025,88,3.0,ירושלים - 23.03.25-25.03.25.xls
030185-0085-002-00,2025-03-25,2050000,2050000,דירה בבית קומות,1.0,ירושלים,1997,111,4.0,ירושלים - 23.03.25-25.03.25.xls
030341-0235-013-00,2025-03-25,855000,855000,דירה בבית קומות,0.25,ירושלים,1970,100,4.0,ירושלים - 23.03.25-25.03.25.xls
030341-0235-013-00,2025-03-25,366428,366428,דירה בבית קומות,0.107,ירושלים,1970,100,4.0,ירושלים - 23.03.25-25.03.25.xls
030341-0235-013-00,2025-03-25,366428,366428,דירה בבית קומות,0.107,ירושלים,1970,100,4.0,ירושלים - 23.03.25-25.03.25.xls
030341-0235-013-00,2025-03-25,366428,366428,דירה בבית קומות,0.107,ירושלים,1970,100,4.0,ירושלים - 23.03.25-25.03.25.xls
030341-0235-013-00,2025-03-25,366428,366428,דירה בבית קומות,0.107,ירושלים,1970,100,4.0,ירושלים - 23.03.25-25.03.25.xls
030341-0235-013-00,2025-03-25,366428,366428,דירה בבית קומות,0.107,ירושלים,1970,100,4.0,ירושלים - 23.03.25-25.03.25.xls
030341-0235-013-00,2025-03-25,3420000,366428,דירה בבית קומות,0.107,ירושלים,1970,100,4.0,ירושלים - 23.03.25-25.03.25.xls
030341-0235-013-00,2025-03-25,366428,366428,דירה בבית קומות,0.107,ירושלים,1970,100,4.0,ירושלים - 23.03.25-25.03.25.xls
030187-0035-065-00,2025-03-25,3606000,3606000,דירה בבית קומות,1.0,ירושלים,2030,103,4.0,ירושלים - 23.03.25-25.03.25.xls
031267-0033-013-00,2025-03-25,5200000,5200000,דירה בבית קומות,1.0,ירושלים,2025,125,5.0,ירושלים - 23.03.25-25.03.25.xls
030091-0055-003-00,2025-03-25,2200000,2200000,דירה בבית קומות,1.0,ירושלים,1970,30,2.0,ירושלים - 23.03.25-25.03.25.xls
030342-0134-002-00,2025-03-25,480000,480000,דירה בבית קומות,0.2,ירושלים,1970,72,3.0,ירושלים - 23.03.25-25.03.25.xls
030342-0134-002-00,2025-03-25,480000,480000,דירה בבית קומות,0.2,ירושלים,1970,72,3.0,ירושלים - 23.03.25-25.03.25.xls
030342-0134-002-00,2025-03-25,480000,480000,דירה בבית קומות,0.2,ירושלים,1970,72,3.0,ירושלים - 23.03.25-25.03.25.xls
030342-0134-002-00,2025-03-25,480000,480000,דירה בבית קומות,0.2,ירושלים,1970,72,3.0,ירושלים - 23.03.25-25.03.25.xls
030342-0134-002-00,2025-03-25,480000,480000,דירה בבית קומות,0.2,ירושלים,1970,72,3.0,ירושלים - 23.03.25-25.03.25.xls
030289-0010-040-00,2025-03-25,3934810,1967405,דירה בבית קומות,0.5,ירושלים,2029,98,4.0,ירושלים - 23.03.25-25.03.25.xls
030289-0010-040-00,2025-03-25,3934810,1967405,דירה בבית קומות,0.5,ירושלים,2029,98,4.0,ירושלים - 23.03.25-25.03.25.xls
030710-0088-027-00,2025-03-25,5300000,5300000,קוטג' חד משפחתי,1.0,ירושלים,1996,168,5.0,ירושלים - 23.03.25-25.03.25.xls
030730-0007-102-00,2025-03-25,3700000,3700000,דירה בבית קומות,1.0,ירושלים,1999,50,4.0,ירושלים - 23.03.25-25.03.25.xls
030569-0045-000-00,2025-03-25,7700000,7700000,דירה בבית קומות,1.0,ירושלים,2003,215,8.0,ירושלים - 23.03.25-25.03.25.xls
030194-0092-079-00,2025-03-25,1091900,1091900,דירה בבית קומות,0.179,ירושלים,2006,125,5.0,ירושלים - 23.03.25-25.03.25.xls
030194-0092-079-00,2025-03-25,5008000,5008000,דירה בבית קומות,0.821,ירושלים,2006,125,5.0,ירושלים - 23.03.25-25.03.25.xls
030025-0003-003-00,2025-03-25,3675000,3675000,דירה בבית קומות,0.5,ירושלים,1950,87,4.0,ירושלים - 23.03.25-25.03.25.xls
030025-0003-003-00,2025-03-25,918750,918750,דירה בבית קומות,0.125,ירושלים,1950,87,4.0,ירושלים - 23.03.25-25.03.25.xls
030025-0003-003-00,2025-03-25,918750,918750,דירה בבית קומות,0.125,ירושלים,1950,87,4.0,ירושלים - 23.03.25-25.03.25.xls
030025-0003-003-00,2025-03-25,918750,918750,דירה בבית קומות,0.125,ירושלים,1950,87,4.0,ירושלים - 23.03.25-25.03.25.xls
030025-0003-003-00,2025-03-25,918750,918750,דירה בבית קומות,0.125,ירושלים,1950,87,4.0,ירושלים - 23.03.25-25.03.25.xls
030428-0006-105-00,2025-03-26,3126271,3126271,דירה בבית קומות,1.0,ירושלים,2031,106,4.0,ירושלים - 26.03.25-28.03.25.xls
030428-0006-080-00,2025-03-26,3205085,3205085,דירה בבית קומות,1.0,ירושלים,2031,106,4.0,ירושלים - 26.03.25-28.03.25.xls
030115-0010-001-00,2025-03-26,2660000,2660000,דירה בבית קומות,1.0,ירושלים,1950,73,3.0,ירושלים - 26.03.25-28.03.25.xls
030287-0071-011-00,2025-03-26,1403880,1403880,דירה בבית קומות,1.0,ירושלים,2028,76,3.0,ירושלים - 26.03.25-28.03.25.xls
030413-0098-010-00,2025-03-26,2045000,2045000,דירה בבית קומות,1.0,ירושלים,1970,73,3.0,ירושלים - 26.03.25-28.03.25.xls
030261-0183-053-00,2025-03-26,4792000,4792000,דירה בבית קומות,1.0,ירושלים,2029,95,4.0,ירושלים - 26.03.25-28.03.25.xls
028048-0055-041-00,2025-03-26,606666,606666,דירה בבית קומות,0.333,ירושלים,1970,58,3.0,ירושלים - 26.03.25-28.03.25.xls
028048-0055-041-00,2025-03-26,606666,606666,דירה בבית קומות,0.333,ירושלים,1970,58,3.0,ירושלים - 26.03.25-28.03.25.xls
028048-0055-041-00,2025-03-26,606666,606666,דירה בבית קומות,0.333,ירושלים,1970,58,3.0,ירושלים - 26.03.25-28.03.25.xls
030643-0041-336-00,2025-03-26,1974000,1974000,דירה בבית קומות,1.0,ירושלים,2027,66,3.0,ירושלים - 26.03.25-28.03.25.xls
030204-0013-014-00,2025-03-26,1900000,1900000,דירה בבית קומות,1.0,ירושלים,1960,58,2.0,ירושלים - 26.03.25-28.03.25.xls
030415-0212-015-00,2025-03-26,2165000,2165000,דירה בבית קומות,1.0,ירושלים,1970,52,3.0,ירושלים - 26.03.25-28.03.25.xls
030428-0006-041-00,2025-03-26,2016189,2016189,דירה בבית קומות,1.0,ירושלים,2031,53,2.0,ירושלים - 26.03.25-28.03.25.xls
030200-0010-005-00,2025-03-26,1000000,1000000,דירה בבית קומות,0.5,ירושלים,1960,36,2.0,ירושלים - 26.03.25-28.03.25.xls
030289-0010-114-00,2025-03-26,2724405,2724405,דירה בבית קומות,0.5,ירושלים,2029,130,5.0,ירושלים - 26.03.25-28.03.25.xls
030289-0010-119-00,2025-03-26,2170405,2170405,דירה בבית קומות,0.5,ירושלים,2029,98,4.0,ירושלים - 26.03.25-28.03.25.xls
030439-0017-026-00,2025-03-26,1883000,1883000,דירה בבית קומות,1.0,ירושלים,1960,44,3.0,ירושלים - 26.03.25-28.03.25.xls
029935-0026-013-00,2025-03-26,2940000,2940000,דירה בבית קומות,1.0,ירושלים,2002,91,4.0,ירושלים - 26.03.25-28.03.25.xls
030090-0002-007-00,2025-03-26,1945000,1945000,דירה בבית קומות,1.0,ירושלים,2024,36,2.0,ירושלים - 26.03.25-28.03.25.xls
030150-0047-019-00,2025-03-26,3000000,3000000,דירה בבית קומות,1.0,ירושלים,2027,81,3.0,ירושלים - 26.03.25-28.03.25.xls
030236-0087-018-00,2025-03-26,5000000,5000000,דירה בבית קומות,1.0,ירושלים,1970,85,5.0,ירושלים - 26.03.25-28.03.25.xls
030157-0103-050-00,2025-03-26,4226000,4226000,דירה בבית קומות,1.0,ירושלים,2028,105,4.5,ירושלים - 26.03.25-28.03.25.xls
030045-0051-001-00,2025-03-26,3800000,3800000,דירה בבית קומות,1.0,ירושלים,2017,84,4.0,ירושלים - 26.03.25-28.03.25.xls
030230-0099-045-00,2025-03-26,2665000,2665000,דירה בבית קומות,1.0,ירושלים,2003,73,3.0,ירושלים - 26.03.25-28.03.25.xls
030074-0441-053-00,2025-03-26,8263200,8263200,דירה בבית קומות,1.0,ירושלים,2031,160,5.0,ירושלים - 26.03.25-28.03.25.xls
030116-0122-069-00,2025-03-26,8436004,8436004,דירה בבית קומות,1.0,ירושלים,2028,193,6.0,ירושלים - 26.03.25-28.03.25.xls
030025-0117-006-00,2025-03-27,4950000,4950000,דירה בבית קומות,1.0,ירושלים,1930,64,3.0,ירושלים - 26.03.25-28.03.25.xls
030025-0117-008-00,2025-03-27,4950000,4950000,דירה בבית קומות,1.0,ירושלים,1930,64,3.0,ירושלים - 26.03.25-28.03.25.xls
030157-0103-064-00,2025-03-27,3824000,3824000,דירה בבית קומות,1.0,ירושלים,2028,96,4.0,ירושלים - 26.03.25-28.03.25.xls
030413-0083-901-00,2025-03-27,72000,72000,דירה בבית קומות,0.066,ירושלים,1990,58,2.5,ירושלים - 26.03.25-28.03.25.xls
030413-0083-901-00,2025-03-27,51428,51428,דירה בבית קומות,0.047,ירושלים,1990,58,2.5,ירושלים - 26.03.25-28.03.25.xls
030413-0083-901-00,2025-03-27,51428,51428,דירה בבית קומות,0.047,ירושלים,1990,58,2.5,ירושלים - 26.03.25-28.03.25.xls
030413-0083-901-00,2025-03-27,72000,72000,דירה בבית קומות,0.066,ירושלים,1990,58,2.5,ירושלים - 26.03.25-28.03.25.xls
030413-0083-901-00,2025-03-27,51428,51428,דירה בבית קומות,0.047,ירושלים,1990,58,2.5,ירושלים - 26.03.25-28.03.25.xls
030413-0083-901-00,2025-03-27,51428,51428,דירה בבית קומות,0.047,ירושלים,1990,58,2.5,ירושלים - 26.03.25-28.03.25.xls
030413-0083-901-00,2025-03-27,51428,51428,דירה בבית קומות,0.047,ירושלים,1990,58,2.5,ירושלים - 26.03.25-28.03.25.xls
030413-0083-901-00,2025-03-27,72000,72000,דירה בבית קומות,0.066,ירושלים,1990,58,2.5,ירושלים - 26.03.25-28.03.25.xls
030413-0083-901-00,2025-03-27,72000,72000,דירה בבית קומות,0.066,ירושלים,1990,58,2.5,ירושלים - 26.03.25-28.03.25.xls
030413-0083-901-00,2025-03-27,51428,51428,דירה בבית קומות,0.047,ירושלים,1990,58,2.5,ירושלים - 26.03.25-28.03.25.xls
030413-0083-901-00,2025-03-27,72000,72000,דירה בבית קומות,0.066,ירושלים,1990,58,2.5,ירושלים - 26.03.25-28.03.25.xls
030413-0083-901-00,2025-03-27,51428,51428,דירה בבית קומות,0.047,ירושלים,1990,58,2.5,ירושלים - 26.03.25-28.03.25.xls
030413-0083-901-00,2025-03-27,360000,360000,דירה בבית קומות,0.333,ירושלים,1990,58,2.5,ירושלים - 26.03.25-28.03.25.xls
030246-0003-016-00,2025-03-26,1012500,1012500,דירה בבית קומות,0.25,ירושלים,1970,83,4.0,ירושלים - 26.03.25-28.03.25.xls
030246-0003-016-00,2025-03-26,556875,556875,דירה בבית קומות,0.137,ירושלים,1970,83,4.0,ירושלים - 26.03.25-28.03.25.xls
030246-0003-016-00,2025-03-26,1012500,1012500,דירה בבית קומות,0.25,ירושלים,1970,83,4.0,ירושלים - 26.03.25-28.03.25.xls
030246-0003-016-00,2025-03-26,1012500,1012500,דירה בבית קומות,0.25,ירושלים,1970,83,4.0,ירושלים - 26.03.25-28.03.25.xls
030246-0003-016-00,2025-03-26,151875,151875,דירה בבית קומות,0.037,ירושלים,1970,83,4.0,ירושלים - 26.03.25-28.03.25.xls
030246-0003-016-00,2025-03-26,151875,151875,דירה בבית קומות,0.037,ירושלים,1970,83,4.0,ירושלים - 26.03.25-28.03.25.xls
030246-0003-016-00,2025-03-26,151875,151875,דירה בבית קומות,0.037,ירושלים,1970,83,4.0,ירושלים - 26.03.25-28.03.25.xls
030236-0118-039-00,2025-03-26,3681000,3681000,דירה בבית קומות,0.9,ירושלים,2000,95,0.0,ירושלים - 26.03.25-28.03.25.xls
030549-0087-011-00,2025-03-26,1000000,1000000,דירה בבית קומות,0.017,ירושלים,2024,116,3.0,ירושלים - 26.03.25-28.03.25.xls
030864-0014-194-00,2025-03-27,1483333,1483333,דירה בבית קומות,0.333,ירושלים,2014,104,4.0,ירושלים - 26.03.25-28.03.25.xls
030864-0014-194-00,2025-03-27,1483334,1483333,דירה בבית קומות,0.333,ירושלים,2014,104,4.0,ירושלים - 26.03.25-28.03.25.xls
030864-0014-194-00,2025-03-27,1483333,1483333,דירה בבית קומות,0.333,ירושלים,2014,104,4.0,ירושלים - 26.03.25-28.03.25.xls
028051-0002-005-00,2025-03-31,2300000,2300000,דירה בבית קומות,1.0,ירושלים,1985,90,5.0,ירושלים - 29.03.25-31.03.25.xls
030926-0078-001-00,2025-03-30,3870809,3870809,דירה בבית קומות,1.0,ירושלים,2024,132,5.0,ירושלים - 29.03.25-31.03.25.xls
030413-0079-001-00,2025-03-31,1475000,1475000,דירה בבית קומות,0.5,ירושלים,1970,78,4.0,ירושלים - 29.03.25-31.03.25.xls
030413-0079-001-00,2025-03-31,1475000,1475000,דירה בבית קומות,0.5,ירושלים,1970,78,4.0,ירושלים - 29.03.25-31.03.25.xls
031267-0034-026-00,2025-03-31,3100000,3100000,דירה בבית קומות,1.0,ירושלים,2029,94,4.0,ירושלים - 29.03.25-31.03.25.xls
030046-0111-000-00,2025-03-30,7899,7899,דירה בבית קומות,0.008,ירושלים,1930,75,3.0,ירושלים - 29.03.25-31.03.25.xls
030046-0111-000-00,2025-03-30,7899,7899,דירה בבית קומות,0.008,ירושלים,1930,75,3.0,ירושלים - 29.03.25-31.03.25.xls
030046-0111-000-00,2025-03-30,2633,2633,דירה בבית קומות,0.002,ירושלים,1930,75,3.0,ירושלים - 29.03.25-31.03.25.xls
030046-0111-000-00,2025-03-30,2633,2633,דירה בבית קומות,0.002,ירושלים,1930,75,3.0,ירושלים - 29.03.25-31.03.25.xls
030561-0049-000-00,2025-03-30,4000000,4000000,דירה בבית קומות,1.0,ירושלים,2022,98,4.0,ירושלים - 29.03.25-31.03.25.xls
030644-0012-011-00,2025-03-31,2675000,2675000,דירה בבית קומות,1.0,ירושלים,1970,69,4.0,ירושלים - 29.03.25-31.03.25.xls
030245-0198-007-00,2025-03-31,4400000,4400000,דירה בבית קומות,1.0,ירושלים,1970,79,4.0,ירושלים - 29.03.25-31.03.25.xls
030002-0093-043-00,2025-03-30,7072000,7072000,דירה בבית קומות,1.0,ירושלים,2029,135,4.0,ירושלים - 29.03.25-31.03.25.xls
028051-0048-067-00,2025-03-31,2000000,2000000,דירה בבית קומות,1.0,ירושלים,1970,72,4.0,ירושלים - 29.03.25-31.03.25.xls
030040-0086-004-00,2025-03-30,522500,522500,דירה בבית קומות,0.11,ירושלים,1970,112,4.0,ירושלים - 29.03.25-31.03.25.xls
030040-0086-004-00,2025-03-30,475000,475000,דירה בבית קומות,0.1,ירושלים,1970,112,4.0,ירושלים - 29.03.25-31.03.25.xls
030040-0086-004-00,2025-03-30,475000,475000,דירה בבית קומות,0.1,ירושלים,1970,112,4.0,ירושלים - 29.03.25-31.03.25.xls
030040-0086-004-00,2025-03-30,475000,475000,דירה בבית קומות,0.1,ירושלים,1970,112,4.0,ירושלים - 29.03.25-31.03.25.xls
030040-0086-004-00,2025-03-30,332500,332500,דירה בבית קומות,0.07,ירושלים,1970,112,4.0,ירושלים - 29.03.25-31.03.25.xls
030040-0086-004-00,2025-03-30,332500,332500,דירה בבית קומות,0.07,ירושלים,1970,112,4.0,ירושלים - 29.03.25-31.03.25.xls
030040-0086-004-00,2025-03-30,332500,332500,דירה בבית קומות,0.07,ירושלים,1970,112,4.0,ירושלים - 29.03.25-31.03.25.xls
030040-0086-004-00,2025-03-30,332500,332500,דירה בבית קומות,0.07,ירושלים,1970,112,4.0,ירושלים - 29.03.25-31.03.25.xls
030040-0086-004-00,2025-03-30,332500,332500,דירה בבית קומות,0.07,ירושלים,1970,112,4.0,ירושלים - 29.03.25-31.03.25.xls
030287-0060-004-00,2025-03-31,5943850,5943850,דירה בבית קומות,1.0,ירושלים,2024,124,5.0,ירושלים - 29.03.25-31.03.25.xls
030161-0206-004-00,2025-03-31,2600000,2600000,דירה בבית קומות,1.0,ירושלים,1970,67,3.0,ירושלים - 29.03.25-31.03.25.xls
030287-0004-004-00,2025-03-30,3656200,3656200,דירה בבית קומות,1.0,ירושלים,2024,80,3.0,ירושלים - 29.03.25-31.03.25.xls
030413-0066-016-00,2025-03-31,3737000,3737000,דירה בבית קומות,1.0,ירושלים,2029,113,5.0,ירושלים - 29.03.25-31.03.25.xls
030246-0009-015-00,2025-03-31,900000,900000,דירה בבית קומות,1.0,ירושלים,1970,85,5.0,ירושלים - 29.03.25-31.03.25.xls
030246-0009-015-00,2025-03-31,900000,900000,דירה בבית קומות,0.2,ירושלים,1970,85,5.0,ירושלים - 29.03.25-31.03.25.xls
030246-0009-025-00,2025-03-31,900000,900000,דירה בבית קומות,0.2,ירושלים,1970,85,5.0,ירושלים - 29.03.25-31.03.25.xls
030246-0009-015-00,2025-03-31,900000,900000,דירה בבית קומות,0.2,ירושלים,1970,85,5.0,ירושלים - 29.03.25-31.03.25.xls
030246-0009-015-00,2025-03-31,900000,900000,דירה בבית קומות,0.2,ירושלים,1970,85,5.0,ירושלים - 29.03.25-31.03.25.xls
030729-0003-025-00,2025-03-31,400000,400000,דירה בבית קומות,0.2,ירושלים,1980,90,4.0,ירושלים - 29.03.25-31.03.25.xls
030024-0122-004-00,2025-03-30,3000000,3000000,דירה בבית קומות,1.0,ירושלים,1960,51,3.0,ירושלים - 29.03.25-31.03.25.xls
031317-0008-000-00,2025-03-31,7300000,7300000,דירה בבית קומות,1.0,ירושלים,2017,101,4.0,ירושלים - 29.03.25-31.03.25.xls
010779-0084-014-00,2025-05-07,2800000,2800000,דירה בבית קומות,1.0,חיפה,2025,100,4.0,חיפה - 01.05.25-10.05.25.xls
012470-0014-008-00,2025-05-07,640000,640000,דירה בבית קומות,1.0,חיפה,1940,43,2.0,חיפה - 01.05.25-10.05.25.xls
010870-0050-000-00,2025-05-18,1400000,1400000,דירה בבית קומות,1.0,חיפה,1992,97,4.0,חיפה - 11.05.25-20.05.25.xls
012259-0082-003-00,2025-05-18,1645000,1645000,דירה בבית קומות,1.0,חיפה,1990,59,4.0,חיפה - 11.05.25-20.05.25.xls
011359-0081-064-00,2025-05-18,2800000,2800000,דירה בבית קומות,1.0,חיפה,2028,106,4.0,חיפה - 11.05.25-20.05.25.xls
011188-0175-006-00,2025-05-18,3475000,3475000,דירה בבית קומות,1.0,חיפה,2022,178,5.0,חיפה - 11.05.25-20.05.25.xls
012135-0025-000-00,2025-05-18,561666,561666,דירה בבית קומות,0.333,חיפה,2007,79,4.0,חיפה - 11.05.25-20.05.25.xls
012135-0025-000-00,2025-05-18,561666,561666,דירה בבית קומות,0.333,חיפה,2007,79,4.0,חיפה - 11.05.25-20.05.25.xls
012135-0025-000-00,2025-05-18,561666,561666,דירה בבית קומות,0.333,חיפה,2007,79,4.0,חיפה - 11.05.25-20.05.25.xls
011188-0175-022-00,2025-05-18,2810000,2810000,דירה בבית קומות,1.0,חיפה,2022,126,5.0,חיפה - 11.05.25-20.05.25.xls
011193-0222-067-00,2025-05-20,212500,212500,דירה בבית קומות,0.125,חיפה,1996,84,4.0,חיפה - 11.05.25-20.05.25.xls
010733-0111-047-00,2025-05-20,2500000,2500000,דירה בבית קומות,1.0,חיפה,2019,99,4.0,חיפה - 11.05.25-20.05.25.xls
011567-0043-000-00,2025-05-29,3200000,3200000,דירה בבית קומות,1.0,חיפה,2010,153,5.0,חיפה - 28.05.25-31.05.25.xls
011585-0016-005-00,2025-05-29,750000,750000,דירה בבית קומות,0.5,חיפה,1970,101,5.0,חיפה - 28.05.25-31.05.25.xls
011585-0016-005-00,2025-05-29,750000,750000,דירה בבית קומות,0.5,חיפה,1970,101,5.0,חיפה - 28.05.25-31.05.25.xls
011193-0306-000-00,2025-05-29,2680000,2680000,דירה בבית קומות,0.135,חיפה,2002,92,5.0,חיפה - 28.05.25-31.05.25.xls
011192-0273-045-00,2025-05-29,1100000,1100000,דירה בבית קומות,1.0,חיפה,1970,63,3.0,חיפה - 28.05.25-31.05.25.xls
010906-0203-122-00,2025-05-29,3700000,3700000,דירה בבית קומות,1.0,חיפה,2024,148,5.0,חיפה - 28.05.25-31.05.25.xls
010796-0157-032-00,2025-05-29,2050000,2050000,דירה בבית קומות,1.0,חיפה,1970,116,4.0,חיפה - 28.05.25-31.05.25.xls
010882-0165-002-00,2025-05-29,350000,350000,דירה בבית קומות,0.25,חיפה,1960,62,3.0,חיפה - 28.05.25-31.05.25.xls
010882-0165-002-00,2025-05-29,350000,350000,דירה בבית קומות,0.25,חיפה,1960,62,3.0,חיפה - 28.05.25-31.05.25.xls
010882-0165-002-00,2025-05-29,350000,350000,דירה בבית קומות,0.25,חיפה,1960,62,3.0,חיפה - 28.05.25-31.05.25.xls
010882-0165-002-00,2025-05-29,350000,350000,דירה בבית קומות,0.25,חיפה,1960,62,3.0,חיפה - 28.05.25-31.05.25.xls
004992-0019-016-00,2025-08-10,1320017,1320017,דירה בבית קומות,1.0,"בני עי""ש",2028,80,3.0,בני עי_ש - 01.08.25-29.09.25.xls
004992-0019-001-00,2025-08-10,1489104,1489104,דירה בבית קומות,1.0,"בני עי""ש",2028,80,3.0,בני עי_ש - 01.08.25-29.09.25.xls
004992-0019-011-00,2025-08-10,2012419,2012419,דירה בבית קומות,1.0,"בני עי""ש",2028,126,5.0,בני עי_ש - 01.08.25-29.09.25.xls
004992-0019-008-00,2025-08-11,1742266,1742266,דירה בבית קומות,1.0,"בני עי""ש",2028,108,4.0,בני עי_ש - 01.08.25-29.09.25.xls
004992-0019-003-00,2025-08-04,1649177,1649177,דירה בבית קומות,1.0,"בני עי""ש",2028,101,4.0,בני עי_ש - 01.08.25-29.09.25.xls
004992-0019-010-00,2025-08-05,1277564,1277564,דירה בבית קומות,1.0,"בני עי""ש",2028,80,3.0,בני עי_ש - 01.08.25-29.09.25.xls
004992-0019-011-00,2025-08-05,1258254,1258254,דירה בבית קומות,1.0,"בני עי""ש",2028,80,3.0,בני עי_ש - 01.08.25-29.09.25.xls
004992-0019-005-00,2025-08-05,1630298,1630298,דירה בבית קומות,1.0,"בני עי""ש",2028,100,4.0,בני עי_ש - 01.08.25-29.09.25.xls
004992-0019-008-00,2025-08-05,1651138,1651138,דירה בבית קומות,1.0,"בני עי""ש",2028,101,4.0,בני עי_ש - 01.08.25-29.09.25.xls
004992-0019-016-00,2025-08-05,1646325,1646325,דירה בבית קומות,1.0,"בני עי""ש",2028,101,4.0,בני עי_ש - 01.08.25-29.09.25.xls
004992-0019-007-00,2025-08-06,1289506,1289506,דירה בבית קומות,1.0,"בני עי""ש",2028,80,3.0,בני עי_ש - 01.08.25-29.09.25.xls
004992-0019-015-00,2025-08-06,1276316,1276316,דירה בבית קומות,1.0,"בני עי""ש",2028,80,3.0,בני עי_ש - 01.08.25-29.09.25.xls
004992-0019-001-00,2025-08-10,1814697,1814697,דירה בבית קומות,1.0,"בני עי""ש",2028,102,4.0,בני עי_ש - 01.08.25-29.09.25.xls
004992-0019-016-00,2025-08-10,1715061,1715061,דירה בבית קומות,1.0,"בני עי""ש",2028,102,4.0,בני עי_ש - 01.08.25-29.09.25.xls
004992-0019-009-00,2025-08-12,1363864,1363864,דירה בבית קומות,1.0,"בני עי""ש",2028,80,3.0,בני עי_ש - 01.08.25-29.09.25.xls
004992-0019-010-00,2025-08-12,1281722,1281722,דירה בבית קומות,1.0,"בני עי""ש",2028,80,3.0,בני עי_ש - 01.08.25-29.09.25.xls
004992-0019-004-00,2025-08-12,1654337,1654337,דירה בבית קומות,1.0,"בני עי""ש",2028,102,4.0,בני עי_ש - 01.08.25-29.09.25.xls
004992-0019-020-00,2025-08-12,1654337,1654337,דירה בבית קומות,1.0,"בני עי""ש",2028,102,4.0,בני עי_ש - 01.08.25-29.09.25.xls
004992-0019-021-00,2025-08-12,1322882,1322882,דירה בבית קומות,1.0,"בני עי""ש",2028,80,3.0,בני עי_ש - 01.08.25-29.09.25.xls
004992-0019-023-00,2025-08-12,2011290,2011290,דירה בבית קומות,1.0,"בני עי""ש",2028,126,5.0,בני עי_ש - 01.08.25-29.09.25.xls
004992-0019-005-00,2025-08-12,1351126,1351126,דירה בבית קומות,1.0,"בני עי""ש",2028,80,3.0,בני עי_ש - 01.08.25-29.09.25.xls
004992-0019-015-00,2025-08-12,1658703,1658703,דירה בבית קומות,1.0,"בני עי""ש",2028,102,4.0,בני עי_ש - 01.08.25-29.09.25.xls
004992-0019-023-00,2025-08-12,1694816,1694816,דירה בבית קומות,1.0,"בני עי""ש",2028,102,4.0,בני עי_ש - 01.08.25-29.09.25.xls
004992-0019-011-00,2025-08-12,1636984,1636984,דירה בבית קומות,1.0,"בני עי""ש",2028,103,4.0,בני עי_ש - 01.08.25-29.09.25.xls
004992-0019-007-00,2025-08-12,1281722,1281722,דירה בבית קומות,1.0,"בני עי""ש",2028,80,3.0,בני עי_ש - 01.08.25-29.09.25.xls
004992-0019-005-00,2025-08-12,1636984,1636984,דירה בבית קומות,1.0,"בני עי""ש",2028,103,4.0,בני עי_ש - 01.08.25-29.09.25.xls
004992-0019-007-00,2025-08-12,1281722,1281722,דירה בבית קומות,1.0,"בני עי""ש",2028,80,3.0,בני עי_ש - 01.08.25-29.09.25.xls
004992-0019-012-00,2025-08-12,1660397,1660397,דירה בבית קומות,1.0,"בני עי""ש",2028,103,4.0,בני עי_ש - 01.08.25-29.09.25.xls
004992-0019-014-00,2025-08-12,1780177,1780177,דירה בבית קומות,1.0,"בני עי""ש",2028,108,4.0,בני עי_ש - 01.08.25-29.09.25.xls
004992-0019-024-00,2025-08-13,1654337,1654337,דירה בבית קומות,1.0,"בני עי""ש",2028,102,4.0,בני עי_ש - 01.08.25-29.09.25.xls
004992-0019-001-00,2025-08-13,1488295,1488295,דירה בבית קומות,1.0,"בני עי""ש",2028,80,3.0,בני עי_ש - 01.08.25-29.09.25.xls
004992-0019-008-00,2025-08-13,1654337,1654337,דירה בבית קומות,1.0,"בני עי""ש",2028,102,4.0,בני עי_ש - 01.08.25-29.09.25.xls
004992-0019-022-00,2025-08-13,2134877,2134877,דירה בבית קומות,1.0,"בני עי""ש",2028,127,5.0,בני עי_ש - 01.08.25-29.09.25.xls
004992-0019-017-00,2025-08-13,1353994,1353994,דירה בבית קומות,1.0,"בני עי""ש",2028,80,3.0,בני עי_ש - 01.08.25-29.09.25.xls
004992-0019-017-00,2025-08-13,1356563,1356563,דירה בבית קומות,1.0,"בני עי""ש",2028,80,3.0,בני עי_ש - 01.08.25-29.09.25.xls
004992-0019-004-00,2025-08-13,1479383,1479383,דירה בבית קומות,1.0,"בני עי""ש",2028,80,3.0,בני עי_ש - 01.08.25-29.09.25.xls
004992-0019-005-00,2025-08-13,1742266,1742266,דירה בבית קומות,1.0,"בני עי""ש",2028,108,4.0,בני עי_ש - 01.08.25-29.09.25.xls
004992-0019-016-00,2025-08-06,1619410,1619410,דירה בבית קומות,1.0,"בני עי""ש",2028,101,4.0,בני עי_ש - 01.08.25-29.09.25.xls
004992-0019-012-00,2025-08-06,1616618,1616618,דירה בבית קומות,1.0,"בני עי""ש",2028,101,4.0,בני עי_ש - 01.08.25-29.09.25.xls
004992-0019-012-00,2025-08-07,1619410,1619410,דירה בבית קומות,1.0,"בני עי""ש",2028,101,4.0,בני עי_ש - 01.08.25-29.09.25.xls
004992-0019-017-00,2025-08-07,1921879,1921879,דירה בבית קומות,1.0,"בני עי""ש",2028,122,5.0,בני עי_ש - 01.08.25-29.09.25.xls
004992-0019-011-00,2025-08-07,1258254,1258254,דירה בבית קומות,1.0,"בני עי""ש",2028,80,3.0,בני עי_ש - 01.08.25-29.09.25.xls
004992-0019-004-00,2025-08-10,1654762,1654762,דירה בבית קומות,1.0,"בני עי""ש",2028,101,4.0,בני עי_ש - 01.08.25-29.09.25.xls
004992-0019-004-00,2025-08-10,1278945,1278945,דירה בבית קומות,1.0,"בני עי""ש",2028,81,3.0,בני עי_ש - 01.08.25-29.09.25.xls
004992-0019-019-00,2025-08-10,1278945,1278945,דירה בבית קומות,1.0,"בני עי""ש",2028,81,3.0,בני עי_ש - 01.08.25-29.09.25.xls
004992-0019-013-00,2025-08-10,1592153,1592153,דירה בבית קומות,1.0,"בני עי""ש",2028,100,4.0,בני עי_ש - 01.08.25-29.09.25.xls
004992-0019-008-00,2025-08-10,1612756,1612756,דירה בבית קומות,1.0,"בני עי""ש",2028,101,4.0,בני עי_ש - 01.08.25-29.09.25.xls
004992-0019-008-00,2025-08-10,1619410,1619410,דירה בבית קומות,1.0,"בני עי""ש",2028,101,4.0,בני עי_ש - 01.08.25-29.09.25.xls
004992-0019-008-00,2025-08-10,1649950,1649950,דירה בבית קומות,1.0,"בני עי""ש",2028,101,4.0,בני עי_ש - 01.08.25-29.09.25.xls
004992-0019-012-00,2025-08-10,1619410,1619410,דירה בבית קומות,1.0,"בני עי""ש",2028,101,4.0,בני עי_ש - 01.08.25-29.09.25.xls
004992-0019-013-00,2025-08-10,1594946,1594946,דירה בבית קומות,1.0,"בני עי""ש",2028,100,4.0,בני עי_ש - 01.08.25-29.09.25.xls
004992-0019-009-00,2025-08-10,1594946,1594946,דירה בבית קומות,1.0,"בני עי""ש",2028,100,4.0,בני עי_ש - 01.08.25-29.09.25.xls
004992-0019-017-00,2025-08-10,1594946,1594946,דירה בבית קומות,1.0,"בני עי""ש",2028,100,4.0,בני עי_ש - 01.08.25-29.09.25.xls
004992-0019-015-00,2025-08-11,1286952,1286952,דירה בבית קומות,1.0,"בני עי""ש",2028,80,3.0,בני עי_ש - 01.08.25-29.09.25.xls
004992-0019-026-00,2025-08-11,1583657,1583657,דירה בבית קומות,1.0,"בני עי""ש",2028,101,4.0,בני עי_ש - 01.08.25-29.09.25.xls
004992-0019-008-00,2025-08-12,1958434,1958434,דירה בבית קומות,1.0,"בני עי""ש",2028,121,5.0,בני עי_ש - 01.08.25-29.09.25.xls
004992-0019-007-00,2025-08-12,1294973,1294973,דירה בבית קומות,1.0,"בני עי""ש",2028,80,3.0,בני עי_ש - 01.08.25-29.09.25.xls
004992-0019-005-00,2025-08-12,1617821,1617821,דירה בבית קומות,1.0,"בני עי""ש",2028,100,4.0,בני עי_ש - 01.08.25-29.09.25.xls
004992-0019-013-00,2025-08-13,1594946,1594946,דירה בבית קומות,1.0,"בני עי""ש",2028,100,4.0,בני עי_ש - 01.08.25-29.09.25.xls
004992-0019-006-00,2025-08-13,1616737,1616737,דירה בבית קומות,1.0,"בני עי""ש",2028,101,4.0,בני עי_ש - 01.08.25-29.09.25.xls
004992-0019-004-00,2025-08-13,1651732,1651732,דירה בבית קומות,1.0,"בני עי""ש",2028,101,4.0,בני עי_ש - 01.08.25-29.09.25.xls
000486-0192-008-00,2025-09-05,1880000,1880000,דירה בבית קומות,1.0,"בני עי""ש",2000,121,5.0,בני עי_ש - 01.08.25-29.09.25.xls
004992-0019-019-00,2025-08-10,1269350,1269350,דירה בבית קומות,1.0,"בני עי""ש",2028,80,3.0,בני עי_ש - 01.08.25-29.09.25.xls
004992-0019-010-00,2025-08-11,1313986,1313986,דירה בבית קומות,1.0,"בני עי""ש",2028,80,3.0,בני עי_ש - 01.08.25-29.09.25.xls
004992-0019-004-00,2025-08-12,1313510,1313510,דירה בבית קומות,1.0,"בני עי""ש",2028,80,3.0,בני עי_ש - 01.08.25-29.09.25.xls
004992-0019-019-00,2025-08-13,1258254,1258254,דירה בבית קומות,1.0,"בני עי""ש",2028,80,3.0,בני עי_ש - 01.08.25-29.09.25.xls
004992-0019-007-00,2025-08-13,1292655,1292655,דירה בבית קומות,1.0,"בני עי""ש",2028,80,3.0,בני עי_ש - 01.08.25-29.09.25.xls
004992-0019-009-00,2025-08-13,1621846,1621846,דירה בבית קומות,1.0,"בני עי""ש",2028,101,4.0,בני עי_ש - 01.08.25-29.09.25.xls
004992-0019-008-00,2025-08-13,1915002,1915002,דירה בבית קומות,1.0,"בני עי""ש",2028,121,5.0,בני עי_ש - 01.08.25-29.09.25.xls
004992-0019-005-00,2025-08-14,1616870,1616870,דירה בבית קומות,1.0,"בני עי""ש",2028,100,4.0,בני עי_ש - 01.08.25-29.09.25.xls
004992-0019-006-00,2025-08-14,1639686,1639686,דירה בבית קומות,1.0,"בני עי""ש",2028,101,4.0,בני עי_ש - 01.08.25-29.09.25.xls
004992-0019-010-00,2025-08-14,1633685,1633685,דירה בבית קומות,1.0,"בני עי""ש",2028,101,4.0,בני עי_ש - 01.08.25-29.09.25.xls
004992-0019-012-00,2025-08-14,1620183,1620183,דירה בבית קומות,1.0,"בני עי""ש",2028,101,4.0,בני עי_ש - 01.08.25-29.09.25.xls
004992-0019-019-00,2025-08-14,1258254,1258254,דירה בבית קומות,1.0,"בני עי""ש",2028,80,3.0,בני עי_ש - 01.08.25-29.09.25.xls
004992-0019-017-00,2025-08-14,1594946,1594946,דירה בבית קומות,1.0,"בני עי""ש",2028,100,4.0,בני עי_ש - 01.08.25-29.09.25.xls
004992-0019-011-00,2025-08-17,1278455,1278455,דירה בבית קומות,1.0,"בני עי""ש",2028,80,3.0,בני עי_ש - 01.08.25-29.09.25.xls
004992-0019-014-00,2025-08-17,1939956,1939956,דירה בבית קומות,1.0,"בני עי""ש",2028,121,5.0,בני עי_ש - 01.08.25-29.09.25.xls
004992-0019-019-00,2025-08-17,1258254,1258254,דירה בבית קומות,1.0,"בני עי""ש",2028,80,3.0,בני עי_ש - 01.08.25-29.09.25.xls
004992-0019-009-00,2025-08-17,1620183,1620183,דירה בבית קומות,1.0,"בני עי""ש",2028,101,4.0,בני עי_ש - 01.08.25-29.09.25.xls
004992-0019-012-00,2025-08-17,1654941,1654941,דירה בבית קומות,1.0,"בני עי""ש",2028,101,4.0,בני עי_ש - 01.08.25-29.09.25.xls
004992-0019-007-00,2025-08-17,1947368,1947368,דירה בבית קומות,1.0,"בני עי""ש",2028,122,5.0,בני עי_ש - 01.08.25-29.09.25.xls
004992-0019-028-00,2025-08-17,1590579,1590579,דירה בבית קומות,1.0,"בני עי""ש",2028,102,4.0,בני עי_ש - 01.08.25-29.09.25.xls
004992-0019-012-00,2025-08-17,1921879,1921879,דירה בבית קומות,1.0,"בני עי""ש",2028,122,5.0,בני עי_ש - 01.08.25-29.09.25.xls
004992-0019-013-00,2025-08-17,1277564,1277564,דירה בבית קומות,1.0,"בני עי""ש",2028,80,3.0,בני עי_ש - 01.08.25-29.09.25.xls
004992-0019-009-00,2025-08-17,1640518,1640518,דירה בבית קומות,1.0,"בני עי""ש",2028,100,4.0,בני עי_ש - 01.08.25-29.09.25.xls
004992-0019-004-00,2025-08-17,1642107,1642107,דירה בבית קומות,1.0,"בני עי""ש",2028,101,4.0,בני עי_ש - 01.08.25-29.09.25.xls
004992-0019-016-00,2025-08-18,1622203,1622203,דירה בבית קומות,1.0,"בני עי""ש",2028,101,4.0,בני עי_ש - 01.08.25-29.09.25.xls
004992-0019-011-00,2025-08-18,1293963,1293963,דירה בבית קומות,1.0,"בני עי""ש",2028,80,3.0,בני עי_ש - 01.08.25-29.09.25.xls
004992-0019-009-00,2025-08-18,1612771,1612771,דירה בבית קומות,1.0,"בני עי""ש",2028,100,4.0,בני עי_ש - 01.08.25-29.09.25.xls
004992-0019-018-00,2025-08-18,1913041,1913041,דירה בבית קומות,1.0,"בני עי""ש",2028,121,5.0,בני עי_ש - 01.08.25-29.09.25.xls
004992-0019-012-00,2025-08-18,1626778,1626778,דירה בבית קומות,1.0,"בני עי""ש",2028,101,4.0,בני עי_ש - 01.08.25-29.09.25.xls
004992-0019-016-00,2025-08-18,1619410,1619410,דירה בבית קומות,1.0,"בני עי""ש",2028,101,4.0,בני עי_ש - 01.08.25-29.09.25.xls
004992-0019-005-00,2025-08-18,1938129,1938129,דירה בבית קומות,1.0,"בני עי""ש",2028,121,5.0,בני עי_ש - 01.08.25-29.09.25.xls
004992-0019-013-00,2025-08-19,1316303,1316303,דירה בבית קומות,1.0,"בני עי""ש",2028,80,3.0,בני עי_ש - 01.08.25-29.09.25.xls
004992-0019-012-00,2025-08-19,1639136,1639136,דירה בבית קומות,1.0,"בני עי""ש",2028,101,4.0,בני עי_ש - 01.08.25-29.09.25.xls
004992-0019-027-00,2025-08-19,1567853,1567853,דירה בבית קומות,1.0,"בני עי""ש",2028,100,4.0,בני עי_ש - 01.08.25-29.09.25.xls
004992-0019-014-00,2025-08-19,1308475,1308475,דירה בבית קומות,1.0,"בני עי""ש",2028,81,3.0,בני עי_ש - 01.08.25-29.09.25.xls
004992-0019-003-00,2025-08-19,1619767,1619767,דירה בבית קומות,1.0,"בני עי""ש",2028,101,4.0,בני עי_ש - 01.08.25-29.09.25.xls
004992-0019-002-00,2025-08-19,1464856,1464856,דירה בבית קומות,1.0,"בני עי""ש",2028,80,3.0,בני עי_ש - 01.08.25-29.09.25.xls
004992-0019-015-00,2025-08-19,1298775,1298775,דירה בבית קומות,1.0,"בני עי""ש",2028,80,3.0,בני עי_ש - 01.08.25-29.09.25.xls
004992-0019-017-00,2025-08-19,1594946,1594946,דירה בבית קומות,1.0,"בני עי""ש",2028,100,4.0,בני עי_ש - 01.08.25-29.09.25.xls
004992-0019-007-00,2025-08-19,1291705,1291705,דירה בבית קומות,1.0,"בני עי""ש",2028,80,3.0,בני עי_ש - 01.08.25-29.09.25.xls
004992-0019-008-00,2025-08-19,1619321,1619321,דירה בבית קומות,1.0,"בני עי""ש",2028,100,4.0,בני עי_ש - 01.08.25-29.09.25.xls
004992-0019-011-00,2025-08-19,1295686,1295686,דירה בבית קומות,1.0,"בני עי""ש",2028,80,3.0,בני עי_ש - 01.08.25-29.09.25.xls
004992-0019-016-00,2025-08-20,1619410,1619410,דירה בבית קומות,1.0,"בני עי""ש",2028,101,4.0,בני עי_ש - 01.08.25-29.09.25.xls
004992-0019-014-00,2025-08-20,1931578,1931578,דירה בבית קומות,1.0,"בני עי""ש",2028,121,5.0,בני עי_ש - 01.08.25-29.09.25.xls
004992-0019-012-00,2025-08-20,1585974,1585974,דירה בבית קומות,1.0,"בני עי""ש",2028,100,4.0,בני עי_ש - 01.08.25-29.09.25.xls
004992-0019-007-00,2025-08-20,1308579,1308579,דירה בבית קומות,1.0,"בני עי""ש",2028,80,3.0,בני עי_ש - 01.08.25-29.09.25.xls
004992-0019-013-00,2025-08-21,1613899,1613899,דירה בבית קומות,1.0,"בני עי""ש",2028,100,4.0,בני עי_ש - 01.08.25-29.09.25.xls
004992-0019-019-00,2025-08-21,1258254,1258254,דירה בבית קומות,1.0,"בני עי""ש",2028,80,3.0,בני עי_ש - 01.08.25-29.09.25.xls
004992-0019-018-00,2025-08-21,1928311,1928311,דירה בבית קומות,1.0,"בני עי""ש",2028,121,5.0,בני עי_ש - 01.08.25-29.09.25.xls
004992-0019-021-00,2025-08-21,1583657,1583657,דירה בבית קומות,1.0,"בני עי""ש",2028,101,4.0,בני עי_ש - 01.08.25-29.09.25.xls
004992-0019-012-00,2025-08-21,1656842,1656842,דירה בבית קומות,1.0,"בני עי""ש",2028,101,4.0,בני עי_ש - 01.08.25-29.09.25.xls
004992-0019-024-00,2025-08-21,1278945,1278945,דירה בבית קומות,1.0,"בני עי""ש",2028,81,3.0,בני עי_ש - 01.08.25-29.09.25.xls
004992-0019-015-00,2025-08-21,1286298,1286298,דירה בבית קומות,1.0,"בני עי""ש",2028,80,3.0,בני עי_ש - 01.08.25-29.09.25.xls
004992-0019-025-00,2025-08-24,1577656,1577656,דירה בבית קומות,1.0,"בני עי""ש",2028,101,4.0,בני עי_ש - 01.08.25-29.09.25.xls
004992-0019-019-00,2025-08-27,1273048,1273048,דירה בבית קומות,1.0,"בני עי""ש",2028,80,3.0,בני עי_ש - 01.08.25-29.09.25.xls
004992-0019-004-00,2025-08-28,1305890,1305890,דירה בבית קומות,1.0,"בני עי""ש",2028,80,3.0,בני עי_ש - 01.08.25-29.09.25.xls
004992-0019-022-00,2025-09-02,2094247,2094247,דירה בבית קומות,1.0,"בני עי""ש",2028,127,5.0,בני עי_ש - 01.08.25-29.09.25.xls
004992-0019-007-00,2025-09-02,1281722,1281722,דירה בבית קומות,1.0,"בני עי""ש",2028,80,3.0,בני עי_ש - 01.08.25-29.09.25.xls
004992-0019-021-00,2025-09-02,1322882,1322882,דירה בבית קומות,1.0,"בני עי""ש",2028,80,3.0,בני עי_ש - 01.08.25-29.09.25.xls
004992-0019-001-00,2025-09-02,1475710,1475710,דירה בבית קומות,1.0,"בני עי""ש",2028,80,3.0,בני עי_ש - 01.08.25-29.09.25.xls
004992-0019-011-00,2025-09-02,1636984,1636984,דירה בבית קומות,1.0,"בני עי""ש",2028,103,4.0,בני עי_ש - 01.08.25-29.09.25.xls
004992-0019-018-00,2025-09-02,2063822,2063822,דירה בבית קומות,1.0,"בני עי""ש",2028,127,5.0,בני עי_ש - 01.08.25-29.09.25.xls
000486-0164-007-00,2025-08-13,1650000,1650000,דירה בבית קומות,1.0,"בני עי""ש",1995,99,4.0,בני עי_ש - 01.08.25-29.09.25.xls
004992-0019-011-00,2025-08-21,1583657,1583657,דירה בבית קומות,1.0,"בני עי""ש",2028,101,4.0,בני עי_ש - 01.08.25-29.09.25.xls
004992-0019-004-00,2025-08-24,1310955,1310955,דירה בבית קומות,1.0,"בני עי""ש",2028,80,3.0,בני עי_ש - 01.08.25-29.09.25.xls
004992-0019-024-00,2025-08-24,1269350,1269350,דירה בבית קומות,1.0,"בני עי""ש",2028,80,3.0,בני עי_ש - 01.08.25-29.09.25.xls
004992-0019-008-00,2025-08-26,1619410,1619410,דירה בבית קומות,1.0,"בני עי""ש",2028,101,4.0,בני עי_ש - 01.08.25-29.09.25.xls
004992-0019-004-00,2025-08-27,1589703,1589703,דירה בבית קומות,1.0,"בני עי""ש",2028,101,4.0,בני עי_ש - 01.08.25-29.09.25.xls
004992-0019-011-00,2025-08-28,1285704,1285704,דירה בבית קומות,1.0,"בני עי""ש",2028,80,3.0,בני עי_ש - 01.08.25-29.09.25.xls
004992-0019-010-00,2025-08-31,1934015,1934015,דירה בבית קומות,1.0,"בני עי""ש",2028,121,5.0,בני עי_ש - 01.08.25-29.09.25.xls
004992-0019-022-00,2025-08-31,1567853,1567853,דירה בבית קומות,1.0,"בני עי""ש",2028,100,4.0,בני עי_ש - 01.08.25-29.09.25.xls
004992-0019-028-00,2025-08-31,1564184,1564184,דירה בבית קומות,1.0,"בני עי""ש",2028,100,4.0,בני עי_ש - 01.08.25-29.09.25.xls
004992-0019-007-00,2025-09-01,1594292,1594292,דירה בבית קומות,1.0,"בני עי""ש",2028,100,4.0,בני עי_ש - 01.08.25-29.09.25.xls
004992-0019-019-00,2025-09-01,1288615,1288615,דירה בבית קומות,1.0,"בני עי""ש",2028,80,3.0,בני עי_ש - 01.08.25-29.09.25.xls
004992-0019-009-00,2025-09-07,1594946,1594946,דירה בבית קומות,1.0,"בני עי""ש",2028,100,4.0,בני עי_ש - 01.08.25-29.09.25.xls
004992-0019-005-00,2025-09-09,1565238,1565238,דירה בבית קומות,1.0,"בני עי""ש",2028,100,4.0,בני עי_ש - 01.08.25-29.09.25.xls
004992-0019-017-00,2025-09-11,1567853,1567853,דירה בבית קומות,1.0,"בני עי""ש",2028,100,4.0,בני עי_ש - 01.08.25-29.09.25.xls
004992-0019-005-00,2025-09-14,1594946,1594946,דירה בבית קומות,1.0,"בני עי""ש",2028,100,4.0,בני עי_ש - 01.08.25-29.09.25.xls
004992-0019-010-00,2025-09-16,1938946,1938946,דירה בבית קומות,1.0,"בני עי""ש",2028,121,5.0,בני עי_ש - 01.08.25-29.09.25.xls
004992-0019-014-00,2025-09-18,1915002,1915002,דירה בבית קומות,1.0,"בני עי""ש",2028,121,5.0,בני עי_ש - 01.08.25-29.09.25.xls
004992-0019-023-00,2025-09-18,1564184,1564184,דירה בבית קומות,1.0,"בני עי""ש",2028,100,4.0,בני עי_ש - 01.08.25-29.09.25.xls
004992-0019-018-00,2025-09-18,1590579,1590579,דירה בבית קומות,1.0,"בני עי""ש",2028,102,4.0,בני עי_ש - 01.08.25-29.09.25.xls
004992-0019-009-00,2025-09-21,1605522,1605522,דירה בבית קומות,1.0,"בני עי""ש",2028,100,4.0,בני עי_ש - 01.08.25-29.09.25.xls
003653-0153-192-00,2024-10-10,2325000,2325000,דירה בבית קומות,1.0,רחובות,2025,72,3.0,גוש 3653 - 29.09.24-29.09.25.xls
003653-0153-020-00,2024-12-31,2375000,2375000,דירה בבית קומות,1.0,רחובות,2023,83,3.0,גוש 3653 - 29.09.24-29.09.25.xls
003653-0153-057-00,2024-12-31,2825000,2825000,דירה בבית קומות,1.0,רחובות,2023,112,4.0,גוש 3653 - 29.09.24-29.09.25.xls
003653-0216-080-01,2025-02-18,2765000,2765000,דירה בבית קומות,1.0,רחובות,2021,92,4.0,גוש 3653 - 29.09.24-29.09.25.xls
003653-0116-004-00,2025-02-23,1108125,2216251,דירה בבית קומות,0.5,רחובות,2030,80,3.0,גוש 3653 - 29.09.24-29.09.25.xls
003653-0116-004-00,2025-02-23,1108125,2216251,דירה בבית קומות,0.5,רחובות,2030,80,3.0,גוש 3653 - 29.09.24-29.09.25.xls
003653-0127-000-00,2025-01-16,2450000,2450000,דירה בבית קומות,0.5,רחובות,1960,185,7.0,גוש 3653 - 29.09.24-29.09.25.xls
003653-0127-000-00,2025-01-16,2450000,2450000,דירה בבית קומות,0.5,רחובות,1960,185,7.0,גוש 3653 - 29.09.24-29.09.25.xls
003653-0153-065-00,2025-04-09,2885000,2885000,דירה בבית קומות,1.0,רחובות,2023,112,4.0,גוש 3653 - 29.09.24-29.09.25.xls
003653-0153-043-00,2025-04-01,3315000,3315000,דירה בבית קומות,1.0,רחובות,2023,136,5.0,גוש 3653 - 29.09.24-29.09.25.xls
003653-0153-035-00,2025-04-10,3710000,3710000,דירה בבית קומות,1.0,רחובות,2028,130,5.0,גוש 3653 - 29.09.24-29.09.25.xls
003653-0116-010-01,2025-01-31,1150250,1150250,דירה בבית קומות,0.5,רחובות,2029,80,3.0,גוש 3653 - 29.09.24-29.09.25.xls
003653-0116-010-00,2025-01-31,1150250,1150250,דירה בבית קומות,0.5,רחובות,2029,80,3.0,גוש 3653 - 29.09.24-29.09.25.xls
003653-0116-007-00,2025-03-18,1180000,1180000,דירה בבית קומות,0.5,רחובות,2030,80,3.0,גוש 3653 - 29.09.24-29.09.25.xls
003653-0116-011-12,2025-03-18,1180000,1180000,דירה בבית קומות,0.5,רחובות,2030,80,3.0,גוש 3653 - 29.09.24-29.09.25.xls
003653-0116-011-00,2025-03-18,1180000,1180000,דירה בבית קומות,0.5,רחובות,2030,80,3.0,גוש 3653 - 29.09.24-29.09.25.xls
003653-0188-030-00,2025-04-30,4390000,4390000,דירה בבית קומות,1.0,רחובות,2028,176,6.0,גוש 3653 - 29.09.24-29.09.25.xls
003653-0153-076-00,2025-02-18,5150000,5150000,דירה בבית קומות,1.0,רחובות,2029,153,5.0,גוש 3653 - 29.09.24-29.09.25.xls
003653-0116-015-00,2025-05-13,1144999,1144999,דירה בבית קומות,0.5,רחובות,2030,80,3.0,גוש 3653 - 29.09.24-29.09.25.xls
003653-0116-015-00,2025-05-13,1144999,1144999,דירה בבית קומות,0.5,רחובות,2030,80,3.0,גוש 3653 - 29.09.24-29.09.25.xls
003653-0116-026-00,2025-05-26,1149999,1149999,דירה בבית קומות,0.5,רחובות,2030,80,3.0,גוש 3653 - 29.09.24-29.09.25.xls
003653-0116-026-00,2025-05-26,1149999,1149999,דירה בבית קומות,0.5,רחובות,2030,80,3.0,גוש 3653 - 29.09.24-29.09.25.xls
003653-0116-021-00,2025-05-27,1317499,1317499,דירה בבית קומות,0.5,רחובות,2030,100,4.0,גוש 3653 - 29.09.24-29.09.25.xls
003653-0116-021-00,2025-05-27,1317500,1317500,דירה בבית קומות,0.5,רחובות,2030,100,4.0,גוש 3653 - 29.09.24-29.09.25.xls
003653-0116-038-00,2025-02-19,1273825,1273825,דירה בבית קומות,0.5,רחובות,2030,93,4.0,גוש 3653 - 29.09.24-29.09.25.xls
003653-0116-038-00,2025-02-19,1273825,1273825,דירה בבית קומות,0.5,רחובות,2030,93,4.0,גוש 3653 - 29.09.24-29.09.25.xls
003653-0217-000-00,2025-07-07,1550000,1550000,דירה בבית קומות,0.5,רחובות,2025,121,5.0,גוש 3653 - 29.09.24-29.09.25.xls
003653-0217-000-00,2025-07-07,1550000,1550000,דירה בבית קומות,0.5,רחובות,2025,121,5.0,גוש 3653 - 29.09.24-29.09.25.xls
003653-0217-000-00,2024-11-27,2450000,2450000,דירה בבית קומות,1.0,רחובות,2021,121,5.0,גוש 3653 - 29.09.24-29.09.25.xls
003653-0116-014-00,2025-06-30,1159999,1159999,דירה בבית קומות,0.5,רחובות,2030,80,3.0,גוש 3653 - 29.09.24-29.09.25.xls
003653-0153-002-00,2024-10-09,4130000,4130000,דירה בבית קומות,1.0,רחובות,2023,123,5.0,גוש 3653 - 29.09.24-29.09.25.xls
003653-0188-014-00,2024-11-18,2790000,2790000,דירה בבית קומות,1.0,רחובות,2028,122,4.0,גוש 3653 - 29.09.24-29.09.25.xls
005520-0063-029-00,2024-10-15,2035000,2035000,דירה בבית קומות,1.0,בן זכאי,2019,94,3.0,גוש 5520 - 29.09.24-29.09.25.xls
005520-0108-005-00,2025-01-27,2450000,2450000,דירה בבית קומות,1.0,יבנה,2019,132,4.0,גוש 5520 - 29.09.24-29.09.25.xls
005520-0112-031-00,2025-03-09,2470000,2470000,דירה בבית קומות,1.0,יבנה,2020,136,4.0,גוש 5520 - 29.09.24-29.09.25.xls
005520-0064-028-00,2025-03-13,2100000,2100000,דירה בבית קומות,1.0,יבנה,2019,80,3.0,גוש 5520 - 29.09.24-29.09.25.xls
005520-0170-001-00,2025-05-26,3693810,3693810,דירה בבית קומות,1.0,יבנה,2024,124,5.0,גוש 5520 - 29.09.24-29.09.25.xls
005520-0108-027-00,2025-04-28,2450000,2450000,דירה בבית קומות,1.0,יבנה,2020,112,4.0,גוש 5520 - 29.09.24-29.09.25.xls
005520-0114-023-00,2025-03-30,2600000,2600000,דירה בבית קומות,1.0,יבנה,2020,106,3.0,גוש 5520 - 29.09.24-29.09.25.xls
005520-0108-088-00,2025-03-31,2120000,2120000,דירה בבית קומות,1.0,יבנה,2021,80,3.0,גוש 5520 - 29.09.24-29.09.25.xls
005520-0069-101-00,2025-03-27,2575000,2575000,דירה בבית קומות,1.0,יבנה,2020,110,4.0,גוש 5520 - 29.09.24-29.09.25.xls
005520-0079-234-00,2025-04-08,2930000,2930000,דירה בבית קומות,1.0,יבנה,2021,129,5.0,גוש 5520 - 29.09.24-29.09.25.xls
005520-0075-000-00,2025-06-30,3150000,3150000,דירת גן,1.0,יבנה,2022,100,4.0,גוש 5520 - 29.09.24-29.09.25.xls
005520-0107-015-00,2025-04-30,2970000,2970000,דירה בבית קומות,1.0,יבנה,2019,160,5.0,גוש 5520 - 29.09.24-29.09.25.xls
005520-0108-059-00,2024-10-15,2270000,2270000,דירה בבית קומות,1.0,בן זכאי,2021,80,3.0,גוש 5520 - 29.09.24-29.09.25.xls
005520-0063-025-00,2024-10-28,1260000,1260000,דירה בבית קומות,0.5,בן זכאי,2018,137,4.0,גוש 5520 - 29.09.24-29.09.25.xls
005520-0063-025-00,2024-10-28,1260000,1260000,דירה בבית קומות,0.5,בן זכאי,2018,137,4.0,גוש 5520 - 29.09.24-29.09.25.xls
005520-0069-033-00,2024-10-30,2850000,2850000,דירה בבית קומות,1.0,בן זכאי,2019,164,5.0,גוש 5520 - 29.09.24-29.09.25.xls
018410-0064-000-00,2024-10-30,2640000,2640000,דירה בבית קומות,1.0,כפר ורדים,2018,150,5.0,כפר ורדים - 29.09.24-29.09.25.xls
018710-0121-000-00,2024-10-15,2280000,2280000,דירה בבית קומות,1.0,כפר ורדים,1997,130,5.0,כפר ורדים - 29.09.24-29.09.25.xls
021126-0243-035-00,2025-05-22,2500000,2500000,דירה בבית קומות,1.0,כפר ורדים,2025,172,6.0,כפר ורדים - 29.09.24-29.09.25.xls
018411-0049-002-00,2025-04-29,2940000,2940000,דירה בבית קומות,0.014,כפר ורדים,2026,131,5.0,כפר ורדים - 29.09.24-29.09.25.xls
021126-0243-006-00,2025-06-11,2800000,2800000,דירה בבית קומות,1.0,כפר ורדים,2025,185,6.0,כפר ורדים - 29.09.24-29.09.25.xls
018706-0088-000-00,2025-04-21,2200000,2200000,קוטג' דו משפחתי,1.0,כפר ורדים,1998,146,5.0,כפר ורדים - 29.09.24-29.09.25.xls
021149-0086-000-00,2024-11-28,1800000,1800000,קוטג' חד משפחתי,1.0,כפר ורדים,2000,150,5.0,כפר ורדים - 29.09.24-29.09.25.xls
021126-0243-006-00,2025-06-24,1840000,1840000,דירה בבית קומות,1.0,כפר ורדים,2025,128,5.0,כפר ורדים - 29.09.24-29.09.25.xls
018706-0022-000-00,2024-11-27,2850000,2850000,קוטג' חד משפחתי,1.0,כפר ורדים,1995,224,6.0,כפר ורדים - 29.09.24-29.09.25.xls
018411-0049-004-00,2025-06-24,3000000,3000000,דירה בבית קומות,0.014,כפר ורדים,2027,131,5.0,כפר ורדים - 29.09.24-29.09.25.xls
018707-0068-000-00,2025-05-23,1975000,1975000,קוטג' חד משפחתי,1.0,כפר ורדים,1987,124,3.0,כפר ורדים - 29.09.24-29.09.25.xls
018709-0071-000-00,2025-06-30,433333,433333,דירה בבית קומות,0.166,כפר ורדים,1990,150,5.0,כפר ורדים - 29.09.24-29.09.25.xls
018709-0071-000-00,2025-06-30,433333,433333,קוטג' חד משפחתי,0.166,כפר ורדים,1990,150,5.0,כפר ורדים - 29.09.24-29.09.25.xls
018709-0071-000-00,2025-06-30,433333,433333,קוטג' חד משפחתי,0.166,כפר ורדים,1990,150,5.0,כפר ורדים - 29.09.24-29.09.25.xls
018709-0071-000-00,2025-06-30,433333,433333,קוטג' חד משפחתי,0.166,כפר ורדים,1990,150,5.0,כפר ורדים - 29.09.24-29.09.25.xls
018709-0071-000-00,2025-06-30,433333,433333,דירה בבית קומות,0.166,כפר ורדים,1990,150,5.0,כפר ורדים - 29.09.24-29.09.25.xls
018709-0071-000-00,2025-06-30,433333,433333,קוטג' חד משפחתי,0.166,כפר ורדים,1990,150,5.0,כפר ורדים - 29.09.24-29.09.25.xls
021148-0048-000-00,2025-07-03,2750000,2750000,קוטג' דו משפחתי,1.0,כפר ורדים,1996,195,5.5,כפר ורדים - 29.09.24-29.09.25.xls
018710-0136-000-00,2025-06-24,3000000,3000000,דירה בבית קומות,1.0,כפר ורדים,1985,156,6.0,כפר ורדים - 29.09.24-29.09.25.xls
021126-0243-008-00,2025-07-01,2800000,2800000,דירה בבית קומות,1.0,כפר ורדים,2025,185,6.0,כפר ורדים - 29.09.24-29.09.25.xls
018410-0064-016-00,2025-07-10,3100000,3100000,דירה בבית קומות,1.0,כפר ורדים,2021,189,8.0,כפר ורדים - 29.09.24-29.09.25.xls
018710-0167-000-00,2025-01-09,4100000,4100000,קוטג' חד משפחתי,1.0,כפר ורדים,2000,330,5.0,כפר ורדים - 29.09.24-29.09.25.xls
021126-0243-033-00,2025-08-27,2450000,2450000,דירה בבית קומות,1.0,כפר ורדים,2025,172,6.0,כפר ורדים - 29.09.24-29.09.25.xls
021149-0094-000-00,2025-08-31,1700000,1700000,דירה בבית קומות,1.0,כפר ורדים,2009,151,4.0,כפר ורדים - 29.09.24-29.09.25.xls
018708-0042-000-00,2025-01-29,4080000,4080000,קוטג' חד משפחתי,1.0,כפר ורדים,1988,200,6.0,כפר ורדים - 29.09.24-29.09.25.xls
018706-0073-000-00,2025-09-01,1940000,1940000,דירה בבית קומות,1.0,כפר ורדים,1985,237,6.0,כפר ורדים - 29.09.24-29.09.25.xls
021126-0243-025-00,2025-09-10,2520000,2520000,דירה בבית קומות,1.0,כפר ורדים,2025,172,6.0,כפר ורדים - 29.09.24-29.09.25.xls
021126-0243-012-00,2024-10-01,2720000,2720000,דירה בבית קומות,1.0,כפר ורדים,2025,185,6.0,כפר ורדים - 29.09.24-29.09.25.xls
021126-0243-001-00,2024-10-28,1850000,1850000,דירה בבית קומות,1.0,כפר ורדים,2025,104,4.0,כפר ורדים - 29.09.24-29.09.25.xls
018706-0049-000-00,2024-10-08,736000,736000,קוטג' חד משפחתי,0.25,כפר ורדים,1999,207,6.0,כפר ורדים - 29.09.24-29.09.25.xls
021126-0243-003-00,2024-10-14,1820000,1820000,דירה בבית קומות,1.0,כפר ורדים,2025,128,5.0,כפר ורדים - 29.09.24-29.09.25.xls
018706-0160-000-00,2024-10-01,2250000,2250000,קוטג' חד משפחתי,1.0,כפר ורדים,1980,126,5.0,כפר ורדים - 29.09.24-29.09.25.xls
018709-0114-000-00,2024-10-16,2080000,2080000,קוטג' חד משפחתי,1.0,כפר ורדים,1984,170,5.0,כפר ורדים - 29.09.24-29.09.25.xls
006433-0397-029-00,2025-07-31,1125000,1125000,דירה בבית קומות,0.5,כפר סבא,1980,72,3.0,כפר סבא - 01.06.25-29.09.25.xls
006427-0195-008-00,2025-07-08,2598000,2598000,דירה בבית קומות,1.0,כפר סבא,1981,110,4.0,כפר סבא - 01.06.25-29.09.25.xls
006437-0102-000-00,2025-07-08,5500000,5500000,דירה בבית קומות,1.0,כפר סבא,1999,250,6.0,כפר סבא - 01.06.25-29.09.25.xls
006439-0419-002-00,2025-07-17,3535000,3535000,דירה בבית קומות,1.0,כפר סבא,1994,153,4.0,כפר סבא - 01.06.25-29.09.25.xls
007621-0483-013-00,2025-07-21,2900000,2900000,דירה בבית קומות,1.0,כפר סבא,2030,73,3.0,כפר סבא - 01.06.25-29.09.25.xls
007621-0468-073-00,2025-07-24,4800000,4800000,דירה בבית קומות,1.0,כפר סבא,2010,173,5.0,כפר סבא - 01.06.25-29.09.25.xls
006427-0190-026-00,2025-07-28,5692000,5692000,דירה בבית קומות,1.0,כפר סבא,2029,131,5.0,כפר סבא - 01.06.25-29.09.25.xls
006453-0258-003-00,2025-07-31,3000000,3000000,דירה בבית קומות,1.0,כפר סבא,2007,90,3.0,כפר סבא - 01.06.25-29.09.25.xls
006426-0799-002-00,2025-06-17,900000,900000,דירה בבית קומות,0.333,כפר סבא,1990,128,4.0,כפר סבא - 01.06.25-29.09.25.xls
006426-0799-002-00,2025-06-17,900000,900000,דירה בבית קומות,0.333,כפר סבא,1990,128,4.0,כפר סבא - 01.06.25-29.09.25.xls
006427-0619-008-00,2025-07-10,592000,592000,דירת גג,0.1,כפר סבא,1995,156,6.0,כפר סבא - 01.06.25-29.09.25.xls
006435-0055-535-00,2025-07-23,1896809,1896809,דירה בבית קומות,1.0,כפר סבא,2029,37,3.0,כפר סבא - 01.06.25-29.09.25.xls
006435-0055-432-00,2025-07-23,1936809,1936809,דירה בבית קומות,1.0,כפר סבא,2029,38,3.0,כפר סבא - 01.06.25-29.09.25.xls
006433-0548-031-00,2025-07-07,2030000,2030000,דירה בבית קומות,1.0,כפר סבא,1983,73,3.0,כפר סבא - 01.06.25-29.09.25.xls
006427-0619-008-00,2025-07-10,5008000,5008000,דירת גג,0.9,כפר סבא,1995,156,6.0,כפר סבא - 01.06.25-29.09.25.xls
006426-0507-015-00,2025-07-27,3925000,3925000,דירה בבית קומות,1.0,כפר סבא,2027,84,5.0,כפר סבא - 01.06.25-29.09.25.xls
006435-0280-087-00,2025-06-25,3100000,3100000,דירה בבית קומות,1.0,כפר סבא,2026,80,3.0,כפר סבא - 01.06.25-29.09.25.xls
007604-0064-021-00,2025-07-02,2640000,2640000,דירה בבית קומות,1.0,כפר סבא,1990,121,4.0,כפר סבא - 01.06.25-29.09.25.xls
006439-0034-015-00,2025-07-08,3900000,3900000,דירה בבית קומות,1.0,כפר סבא,2026,132,5.5,כפר סבא - 01.06.25-29.09.25.xls
007621-0460-016-00,2025-07-09,3786000,3786000,דירה בבית קומות,1.0,כפר סבא,2013,153,5.0,כפר סבא - 01.06.25-29.09.25.xls
007621-0472-014-00,2025-07-15,4800000,4800000,דירה בבית קומות,1.0,כפר סבא,2014,178,6.0,כפר סבא - 01.06.25-29.09.25.xls
006435-0055-456-00,2025-07-30,1896809,1896809,דירה בבית קומות,1.0,כפר סבא,2029,37,3.0,כפר סבא - 01.06.25-29.09.25.xls
006435-0055-561-00,2025-06-03,1956809,1956809,דירה בבית קומות,1.0,כפר סבא,2029,40,3.0,כפר סבא - 01.06.25-29.09.25.xls
006435-0055-463-00,2025-06-03,2006809,2006809,דירה בבית קומות,1.0,כפר סבא,2029,40,3.0,כפר סבא - 01.06.25-29.09.25.xls
006435-0055-571-00,2025-06-11,1976809,1976809,דירה בבית קומות,1.0,כפר סבא,2029,40,3.0,כפר סבא - 01.06.25-29.09.25.xls
006435-0055-387-00,2025-06-12,1406809,1406809,דירה בבית קומות,1.0,כפר סבא,2029,22,1.0,כפר סבא - 01.06.25-29.09.25.xls
006426-0465-019-00,2025-06-16,2950000,2950000,דירה בבית קומות,1.0,כפר סבא,2028,81,3.0,כפר סבא - 01.06.25-29.09.25.xls
006427-0426-019-00,2025-07-01,5250000,5250000,דירה בבית קומות,1.0,כפר סבא,2025,118,5.0,כפר סבא - 01.06.25-29.09.25.xls
006435-0055-481-00,2025-07-30,2046809,2046809,דירה בבית קומות,1.0,כפר סבא,2029,40,3.0,כפר סבא - 01.06.25-29.09.25.xls
006435-0055-571-00,2025-07-30,2016809,2016809,דירה בבית קומות,1.0,כפר סבא,2029,40,2.0,כפר סבא - 01.06.25-29.09.25.xls
006435-0055-312-00,2025-07-30,2006809,2006809,דירה בבית קומות,1.0,כפר סבא,2029,40,3.0,כפר סבא - 01.06.25-29.09.25.xls
006435-0055-383-00,2025-06-25,1906809,1906809,דירה בבית קומות,1.0,כפר סבא,2029,42,3.0,כפר סבא - 01.06.25-29.09.25.xls
006435-0055-345-00,2025-06-26,1326809,1326809,דירה בבית קומות,1.0,כפר סבא,2029,21,2.0,כפר סבא - 01.06.25-29.09.25.xls
006435-0055-377-00,2025-06-30,1346809,1346809,דירה בבית קומות,1.0,כפר סבא,2029,22,2.0,כפר סבא - 01.06.25-29.09.25.xls
006435-0055-487-00,2025-07-01,2446809,2446809,דירה בבית קומות,1.0,כפר סבא,2029,63,4.0,כפר סבא - 01.06.25-29.09.25.xls
006435-0258-009-00,2025-06-22,5150000,5150000,דירה בבית קומות,0.5,כפר סבא,2004,212,6.0,כפר סבא - 01.06.25-29.09.25.xls
006435-0258-009-00,2025-06-22,5150000,5150000,דירה בבית קומות,0.5,כפר סבא,2004,212,6.0,כפר סבא - 01.06.25-29.09.25.xls
019024-0012-001-00,2025-07-03,1810000,1810000,דירה בבית קומות,1.0,כרמיאל,1990,130,5.0,כרמיאל - 29.06.25-29.09.25.xls
019024-0011-008-00,2025-07-06,2450000,2450000,דירה בבית קומות,1.0,כרמיאל,2005,155,5.0,כרמיאל - 29.06.25-29.09.25.xls
018965-0011-014-00,2025-07-12,450000,450000,דירה בבית קומות,0.25,כרמיאל,1980,120,5.0,כרמיאל - 29.06.25-29.09.25.xls
019874-0106-001-00,2025-07-13,3750000,3750000,דירה בבית קומות,1.0,כרמיאל,2015,155,6.0,כרמיאל - 29.06.25-29.09.25.xls
019062-0005-011-00,2025-07-15,970000,970000,דירה בבית קומות,1.0,כרמיאל,1980,78,3.0,כרמיאל - 29.06.25-29.09.25.xls
019003-0019-046-00,2025-07-16,750000,750000,דירה בבית קומות,1.0,כרמיאל,1970,55,3.0,כרמיאל - 29.06.25-29.09.25.xls
019872-0006-021-00,2025-07-24,1555000,1555000,דירה בבית קומות,1.0,כרמיאל,1970,84,4.0,כרמיאל - 29.06.25-29.09.25.xls
021176-0048-000-00,2025-07-09,2100000,2100000,דירה בבית קומות,1.0,כרמיאל,2020,177,5.0,כרמיאל - 29.06.25-29.09.25.xls
018997-0007-028-00,2025-07-23,870000,870000,דירה בבית קומות,1.0,כרמיאל,1983,76,3.0,כרמיאל - 29.06.25-29.09.25.xls
019003-0097-010-00,2025-07-25,840000,840000,דירה בבית קומות,1.0,כרמיאל,1970,67,3.0,כרמיאל - 29.06.25-29.09.25.xls
019875-0011-000-00,2025-07-10,1590000,1590000,דירה בבית קומות,1.0,כרמיאל,2004,118,4.0,כרמיאל - 29.06.25-29.09.25.xls
019061-0017-001-00,2025-07-13,1700000,1700000,דירה בבית קומות,1.0,כרמיאל,1990,110,4.0,כרמיאל - 29.06.25-29.09.25.xls
018983-0385-000-00,2025-07-24,3800000,3800000,קוטג' חד משפחתי,1.0,כרמיאל,1970,150,6.0,כרמיאל - 29.06.25-29.09.25.xls
018948-0127-000-00,2025-07-25,3680000,3680000,דירה בבית קומות,1.0,כרמיאל,1981,228,8.0,כרמיאל - 29.06.25-29.09.25.xls
018988-0203-034-00,2025-07-29,1365000,1365000,דירה בבית קומות,1.0,כרמיאל,1980,100,4.0,כרמיאל - 29.06.25-29.09.25.xls
018990-0026-003-00,2025-07-30,950000,950000,דירה בבית קומות,1.0,כרמיאל,1970,72,3.0,כרמיאל - 29.06.25-29.09.25.xls
018990-0208-009-00,2025-09-17,1021959,1021959,דירה בבית קומות,1.0,כרמיאל,2028,110,4.0,כרמיאל - 29.06.25-29.09.25.xls
019071-0011-002-00,2025-07-15,1470000,1470000,דירה בבית קומות,1.0,כרמיאל,2000,110,3.0,כרמיאל - 29.06.25-29.09.25.xls
019874-0009-015-00,2025-09-03,1900000,1900000,דירה בבית קומות,1.0,כרמיאל,2000,76,4.0,כרמיאל - 29.06.25-29.09.25.xls
019872-0016-036-00,2025-09-19,1185000,1185000,דירה בבית קומות,1.0,כרמיאל,2000,70,2.5,כרמיאל - 29.06.25-29.09.25.xls
018990-0208-012-00,2025-09-25,1083879,1083879,דירה בבית קומות,1.0,כרמיאל,2028,120,5.0,כרמיאל - 29.06.25-29.09.25.xls
018990-0208-007-00,2025-09-25,1129194,1129194,דירה בבית קומות,1.0,כרמיאל,2028,128,5.0,כרמיאל - 29.06.25-29.09.25.xls
018990-0208-007-00,2025-09-25,1224720,1224720,דירה בבית קומות,1.0,כרמיאל,2028,127,5.0,כרמיאל - 29.06.25-29.09.25.xls
018990-0208-002-00,2025-09-25,1220791,1220791,דירה בבית קומות,1.0,כרמיאל,2028,128,5.0,כרמיאל - 29.06.25-29.09.25.xls
013675-0153-007-00,2025-03-30,2020000,2020000,דירה בבית קומות,1.0,צפת,2025,120,5.0,צפת - 29.03.25-29.09.25.xls
013675-0153-006-00,2025-03-31,1860000,1860000,דירה בבית קומות,1.0,צפת,2027,120,5.0,צפת - 29.03.25-29.09.25.xls
013389-0031-003-00,2025-03-30,1600000,1600000,דירה בבית קומות,1.0,צפת,2025,110,4.0,צפת - 29.03.25-29.09.25.xls
013073-0143-000-00,2025-03-30,2086000,2086000,דירה בבית קומות,0.055,צפת,1960,110,5.0,צפת - 29.03.25-29.09.25.xls
013389-0038-003-00,2025-05-13,1700000,1700000,דירה בבית קומות,1.0,צפת,2026,117,4.0,צפת - 29.03.25-29.09.25.xls
013089-0045-027-00,2025-05-18,1300000,1300000,דירה בבית קומות,1.0,צפת,1987,76,3.0,צפת - 29.03.25-29.09.25.xls
013698-0024-003-00,2025-05-18,1956661,1956661,דירה בבית קומות,1.0,צפת,2026,115,4.0,צפת - 29.03.25-29.09.25.xls
013059-0074-021-00,2025-05-08,2200000,2200000,דירה בבית קומות,1.0,צפת,1970,77,3.5,צפת - 29.03.25-29.09.25.xls
013218-0014-035-00,2025-05-11,1050000,1050000,דירה בבית קומות,1.0,צפת,1980,62,3.0,צפת - 29.03.25-29.09.25.xls
013976-0038-023-00,2025-05-19,1150000,1150000,דירה בבית קומות,1.0,צפת,1990,82,4.0,צפת - 29.03.25-29.09.25.xls
013531-0070-000-00,2025-05-14,5000000,5000000,דירה בבית קומות,1.0,צפת,2010,224,7.0,צפת - 29.03.25-29.09.25.xls
013071-0122-007-00,2025-05-20,2080000,2080000,דירה בבית קומות,0.8,צפת,2022,106,4.0,צפת - 29.03.25-29.09.25.xls
013071-0122-007-00,2025-05-20,520000,520000,דירה בבית קומות,0.2,צפת,2022,106,4.0,צפת - 29.03.25-29.09.25.xls
013698-0024-003-00,2025-05-28,3204000,3204000,דירה בבית קומות,1.0,צפת,2026,115,4.0,צפת - 29.03.25-29.09.25.xls
013071-0120-000-00,2025-05-20,2200000,2200000,דירה בבית קומות,1.0,צפת,2019,98,4.0,צפת - 29.03.25-29.09.25.xls
013698-0418-000-00,2025-04-06,1890000,1890000,דירה בבית קומות,0.073,צפת,2008,203,6.0,צפת - 29.03.25-29.09.25.xls
013977-0075-000-00,2025-05-12,1600000,1600000,דירה בבית קומות,1.0,צפת,1997,291,4.0,צפת - 29.03.25-29.09.25.xls
013052-0014-024-00,2025-07-09,147499,147500,דירה בבית קומות,0.083,צפת,1995,110,5.5,צפת - 29.03.25-29.09.25.xls
013052-0014-024-00,2025-07-09,147500,147500,דירה בבית קומות,0.083,צפת,1995,110,5.5,צפת - 29.03.25-29.09.25.xls
013052-0014-024-00,2025-07-09,147500,147500,דירה בבית קומות,0.083,צפת,1995,110,5.5,צפת - 29.03.25-29.09.25.xls
013089-0160-000-00,2025-07-10,4700000,4700000,קוטג' חד משפחתי,1.0,צפת,1970,193,4.0,צפת - 29.03.25-29.09.25.xls
013698-0024-010-00,2025-07-13,3204000,3204000,דירה בבית קומות,1.0,צפת,2026,115,4.0,צפת - 29.03.25-29.09.25.xls
013698-0418-000-00,2025-04-06,1890000,1890000,קוטג' חד משפחתי,0.073,צפת,2008,203,6.0,צפת - 29.03.25-29.09.25.xls
013698-0213-004-00,2025-04-08,800000,800000,דירה בבית קומות,0.333,צפת,2000,125,5.0,צפת - 29.03.25-29.09.25.xls
013698-0213-004-00,2025-04-08,800000,800000,דירה בבית קומות,0.333,צפת,2000,125,5.0,צפת - 29.03.25-29.09.25.xls
013698-0213-004-00,2025-04-08,800000,800000,דירה בבית קומות,0.333,צפת,2000,125,5.0,צפת - 29.03.25-29.09.25.xls
013076-0077-002-00,2025-05-08,30000,30000,דירה בבית קומות,0.03,צפת,1960,80,4.0,צפת - 29.03.25-29.09.25.xls
013089-0049-024-00,2025-07-23,1250000,1250000,דירה בבית קומות,1.0,צפת,1970,60,3.0,צפת - 29.03.25-29.09.25.xls
013089-0082-027-00,2025-07-14,1040000,1040000,דירה בבית קומות,1.0,צפת,1980,69,4.0,צפת - 29.03.25-29.09.25.xls
013675-0153-001-00,2025-07-22,1780000,1780000,דירה בבית קומות,1.0,צפת,2027,122,4.0,צפת - 29.03.25-29.09.25.xls
013675-0153-003-00,2025-07-22,1870000,1870000,דירה בבית קומות,1.0,צפת,2027,140,5.0,צפת - 29.03.25-29.09.25.xls
013075-0036-005-00,2025-07-29,920000,920000,דירה בבית קומות,1.0,צפת,1970,50,3.0,צפת - 29.03.25-29.09.25.xls
006855-0257-002-00,2025-06-10,5008000,5008000,קוטג' דו משפחתי,0.776,שוהם,0,0,0.0,שוהם - 29.03.25-29.09.25.xls
